sentID.BTEC,sent,sentiment
5,هيو هناك، بالزبط قدام مكتب معلومات السياح .,neutral
9,ما عمري سمعت عن هالعنوان هون.,neutral
11,روح دغري حتى تشوف الصيدلية.,neutral
26,قديش حق هالفطور؟,neutral
27,كيف بقدر اساعدك؟,neutral
30,روح شمال عند الزاوية الثالثة.,neutral
50,بتحب كريما و سكر بقهوتك؟,neutral
64,بتقدر تصرف هاد الشيك تبعي بميتين دولار؟,neutral
74,اذا لازم يظهر، لو سمحت احكي معي.,neutral
86,وين الكوفي شوب؟,neutral
87,بدي بلوفر للأطفال .,neutral
91,ماشي، رح يكلف خمس و ثمانين سينت للبريد العادي، و ثلاثة دولار بالزبط اضافية للتوصيل الخاص.,neutral
120,لو انا مكانك كنت اشتريته.,positive
129,رح يكون عندي مشاكل مع الجمارك؟,neutral
130,عندك احذية رسمية واسعة عند الاصابع؟,neutral
140,لا . بقدر اقترح بدالها استخدام غرفة مزدوجة لاستعمال فرد؟ عنا واحدة.,neutral
143,بدي كيرلي قوي، لو سمحت.,neutral
145,بدي بيرم رفيع، لو سمحت .,neutral
157,بدها بيرة؟,positive
158,اسف اني بحاجة أشوف اثبات هوية .,neutral
169,اي نوع من الصوص؟,neutral
170,هاد بارد شوي. ممكن تسخنو؟,neutral
173,اسف، هاذ المكان محجوز أصلاً .,neutral
176,انا تمام، بس ممكن تحكي مع صاحبي؟,neutral
177,شكرا، بكفي .,positive
184,مين أحسن صاحب الك؟,neutral
187,يوم الصحة والرياضة ب عشرة عشرة هوه عطلة رسمية بهدف تعزيز صحة الشعب .,positive
192,بدك إياني أفحص تحت غطا المحرك؟,neutral
206,بتقدر تساعدني الاقي شنتتي؟,neutral
221,بتقدر تعمل الترتيبات مسبقا؟,neutral
238,فيه حدا عم يساعدني. شكرا الك .,positive
261,بس توصل هناك، اسأل حدا ثاني لو سمحت.,neutral
280,بدي أمدد اربعة و عشرين لو سمحت .,neutral
285,هي ثنين دولار، و خليلك الباقي .,neutral
315,واحد هامبرغر و واحد برغر مع جبنة لو سمحت .,positive
319,قديش تاخد في العملية؟,neutral
320,احنا حابين ندفع حق وجباتنا .,neutral
326,المكان كان على الكرسي باللوبي.,neutral
333,لو سمحت حول هاد الين ل جنيهات.,neutral
346,بدي قاموس جيب، لو سمحت.,positive
360,لشخصين على الساعة سبعة. الاسم هوه واتناب .,neutral
368,ساعتي . كانت سيكو رقمية .,neutral
370,رح يسعدنا انو نخدمكو و نضيفكو عصير من اختياركو، و بعده عشا. دليل كامل من المشروبات اللي بنقدمها على هاي الرحلة رح يكون موجود بدليل المعلومات في مجلتنا.,positive
373,انت ساكن قريب من هون؟,neutral
375,وين محل الهدايا؟,neutral
386,انا على الطريق السريع قريب من خليج مورو .,neutral
391,بدي ساعة منبه لو سمحت .,neutral
398,على فكرة، اسمي هيروشي ايجيما.,neutral
401,القطار وقف عند بحيرة فورست، صح؟,neutral
408,معظم اليابانيين بيوكلو اخطبوط و الحبار .,neutral
416,بقدر اخذ تذكرتين الدرجة الثانية ل شيكاجو، لو سمحت؟,neutral
419,رحت على نيويورك .,neutral
423,شو رقم الرحلة؟,neutral
442,تذكرة ل نيويورك، لو سمحت .,positive
446,كم يوم بس .,neutral
447,الثاني للشمال .,neutral
471,هاي البطاقة، تمام؟,neutral
488,هاي طاولة الاستقبال، في عيادة قريبة؟,neutral
493,العشرة دولار رح يكفو بالتكسي؟,neutral
503,هاذ الطعم غريب .,negative
512,ماشي . استنى، رح اجيبلك وحدة .,neutral
516,نص قنينة، لو سمحت .,neutral
540,لا جد، بس اشي مش غالي.,neutral
548,بتدور على اشي؟,neutral
551,اربع ليالي .,neutral
553,بدي جرابات .,neutral
565,بتقدر ترخص السعر شوي لانو عليه شوية بقع؟,neutral
571,في زلمة صدمني . بعدين لاحظت انو محفظتي اختفت .,negative
599,مش عارف إذا اللبس اللي اخذتو بيكفي ل رحلة ثلاث اسابيع .,negative
612,طيب، احنا حابين نجرب النبيذ الابيض .,positive
631,إذا حدا سأل عني، احكيلهم اني بالقهوة .,neutral
632,أنا متأكد انو كان بالجيبة جوا كبوتي.,neutral
641,بقدر أخذ اسم و رقم الشخص اللي بتتصل عليه؟,neutral
643,شركة الطيران رح تدفعلي حتى أشتري شوية أغراض شخصية؟,neutral
650,بدي غرفة مع حمام .,neutral
652,ما في اشي طلع من الجهاز؟,neutral
667,كان المفروض انك تسافر بطيارة الثمنية و ثلث، و اللي طلعت قبل ربع ساعة . مش مشكلة، رح ارتبلك برحلة ثانية.,neutral
673,في حدا مفضي الطرد تبعي .,neutral
679,ااه، مش مشكلة . هيك هون على كل حال .,neutral
680,طيران اليابان، رحلة رقم واحد اثنين ثلاثة .,neutral
681,لازم اشتري شامبو .,neutral
683,بتقدر تحكيلي متى رح نوصل المركز المدني؟,neutral
688,وين اقرب لحام؟,neutral
703,حابين نضل اربع ليالي من واحد ثمنية .,neutral
708,شو اسم هاي الوردة؟,neutral
719,خمسطعش تسعة هوه يوم- الاحترام- للكبار .,neutral
723,ما في صابون بغرفتي .,negative
741,في اشي بقدر أعمله عشان هاي العجقة؟,neutral
742,بتقدر تغير صغية الحكي اللي قلته هلا؟,neutral
761,قديش بدو وقت؟,neutral
773,ممكن تحكي بصوت أعلى شوي، لو سمحت؟,neutral
777,قديش بدو وقت قبل ما يطلع؟,neutral
786,وين المعلومات الرياضية؟,neutral
787,هاد الحجم، اللي بتحكي عنو حجم عادي، اعملو .,neutral
793,وين رح تخلص الجولة، و متى؟,neutral
848,وين لازم أغير القطارات حتى أوصل ل ادنبره؟,neutral
855,حاب أحط هاد بصندوق امانات .,neutral
859,وين ممكن أحول المصاري اللي معي؟,neutral
897,بنقدر نترك أغراضنا، ما عدا الغالية، بالباص؟,neutral
902,ابصر لشو هاد السعر الي على الفاتورة .,negative
917,رح أدفع خمسين دولار .,neutral
941,هلا فهمت شو كان الغلط .,neutral
957,ايكيدا بيحكي معك . عندي حجز لطاولة اليوم على الساعة ستة و نص. بس للاسف رح أوصل متأخر نص ساعه .,negative
1003,كم اوقية اخذ عطور معفية من الجمارك؟,neutral
1007,بس سياحة .,neutral
1010,تمام، وقع عليهم لو سمحت، كيف بتحب يكونو؟,positive
1023,لسه في مقاعد لعرض الليلة؟,neutral
1036,بدي واحد كبير .,positive
1037,نمت حتى مع منبه السته و نص .,neutral
1038,أنا مصور حر .,neutral
1047,اللي بيوزعو بيقدرو يبدلو الدولارات للكازينو . يلا نروح؟,neutral
1056,عنا تقريبا ثلاثين نوع من زيوت حمام .,neutral
1062,عندي الك اقتراح الاسبوع الجاي .,neutral
1074,شكرا . قديش حق هدول الكفوف؟,positive
1098,لازم أروح . بحكي معك بعدين .,neutral
1100,بدي شوية حفاظات .,neutral
1122,وين منشأ هذول السمك الفراش؟,neutral
1124,ممكن تحول هذول ل دولارات، لو سمحت؟,neutral
1139,احنا محظوظين كثير . عندهم واحد بحجم اربعه بمحل الا موانا .,positive
1146,في ليموزين؟,neutral
1163,بتقدر تتصل علي تصحيني بكرا على الساعة خمسة و نص الصبح؟,neutral
1165,حاب غرفة هادية .,neutral
1167,بدي مزيل مناكير .,neutral
1183,بدي بطارية .,neutral
1193,في فرقة لايف و لا دي جي؟,neutral
1194,بقدر استأجر معدات الغطس؟,neutral
1199,بدي أحجز غرفة ل اربع ليالي من اثنين و عشرين كانون الاول .,neutral
1212,هل هاي الشنتة مناسبة لكل الاجواء؟,neutral
1213,بدي دونت، لو سمحت .,positive
1218,بدي استأجر سيارة اوتوماتيك ليومين .,neutral
1224,راحت رحلة عشرين ل سان فرانسيسكو .,neutral
1234,قديش للمطار؟,neutral
1235,كويس، متى؟,positive
1276,قديش عمر بنتك؟,neutral
1312,بتقدر تحكيلي عن فنادق رخيصة و نظيفة؟,neutral
1321,بدنا نحجز غرفة مريحة الك بقصر قديم جنب نادي غولف مشهور .,positive
1329,بنصحك بهاد لانو مصنوع من مواد طبيعية مية بالمية .,positive
1361,القطار رح يوقف ب بريتون؟,neutral
1369,بتقدر تحكيلي من وين بقدر أخذ تكسي؟,neutral
1375,تذكرتين درجة ثانية، لو سمحت .,neutral
1384,بدي ارسل بالفاكس .,neutral
1394,بدي مكواية للسفر .,neutral
1396,بقدر اعملك أي اشي؟,neutral
1404,يومي؟ انا خايف اسأل، بس شو قصدك؟,neutral
1418,بدي واحدة أنو تعقد الوثائق بحجم الورق العادي من غير ما اطويها .,neutral
1433,اه، بس مش كثير قوي .,neutral
1434,عندي حساسية من البسس .,negative
1436,ااه، لازم يكون معك رخصة سواقة، اوه، لازم يكون معك رخصة من لجنة التكسي و الليموزين .,neutral
1462,تفضل يا سيدي .,positive
1465,شكلو ما رح يكون عندي مي ساخنة .,negative
1474,حاب احجز غرفة لليلة .,neutral
1492,لا، مش شامل الضريبة و رسوم الخدمة .,neutral
1506,بتحب تروح معي على السوق اليوم العصر؟,neutral
1508,مرحباا، عن جد هالفستان حلو .,positive
1519,هلأ، مكالمتك انقبلت . تفصل لو سمحت .,positive
1525,شو رقم البوابة؟,neutral
1539,شو التذكار التقليدي من هاوااي؟,neutral
1556,بقدر اوصل هناك عن طريق المترو؟,neutral
1560,بدي مجفف شعر.,neutral
1562,رح نوصل لمكان من هاد الحديث ؟,neutral
1585,انا جاي من النرويج .,neutral
1603,من العشرة لل طنعش .,neutral
1619,أكيد . خليني أشوف . اتوقع انو المرجان آذاك .,negative
1620,احتياطاً، أعطيني رقم الشخص المسؤول.,neutral
1622,في طريق سريع؟,neutral
1630,ليش ما اجى على الحفلة مبارح؟,neutral
1637,كان في حادث سير .,negative
1650,اسف، أخذت الرقم الغلط .,negative
1653,حط الرقم السري تبعك لو سمحت.,neutral
1663,مش قادر أعدل الصورة .,negative
1668,واحد برغر مع جبنة و عصير برتقان لو سمحت .,neutral
1670,هي جواز السفر تبعي .,neutral
1682,ليش، شكرا الك كثير . اه، بقدر أروح لفوق؟,positive
1702,بقدر أخذ تذكرتين للموسيقى الجمعه الجاي؟,neutral
1718,في راكب ثاني حكى انو بقدر يبدل كرسيه معك .,neutral
1754,بقدر أمدد إقامتي؟,neutral
1766,احكي، بتعرف اشي بستاهل المشاهدة قريب من هون؟,neutral
1768,لأ، بدي أستأجر نص مجموعة مضارب وحذاء.,neutral
1782,بتقدر تخبرني بس تبين الشنتة الضايعة؟,neutral
1788,شو اسم هاي الحديقة الوطنية؟,neutral
1791,اتخدشت.,negative
1792,وين في مكان منيح للسياحة؟,neutral
1800,بقدر آخذ شوية فواكه؟,neutral
1834,بقدر أتغدى هلا؟,neutral
1837,لازم أحول هذول ل دولارات .,neutral
1867,بدي تكسي . أنا في ساوث مين وليبرتي.,neutral
1876,أكيد، بدك كيرلي؟,neutral
1878,هاي مش تفاحة، هاي دراقة .,negative
1903,رح أعطيك وصفة طبية . خذها للصيدلية .,neutral
1927,عنا رحل ثلاث مرات بالاسبوع، الثلاثاء، الجمعه و السبت .,neutral
1931,غالي، صح؟,negative
1948,اه، موجود عنا . رح نحضره الك .,positive
1950,بتقدر تمسك أغراضي لحد الساعة ثلاثة؟,neutral
1951,لا، بس بدي أمر .,neutral
1954,بقدر أحجز أجر-سيارة هون؟,neutral
1968,انت امريكي؟,neutral
1980,لهاد المكان، لو سمحت .,neutral
1985,سيارتي معطلة .,negative
1988,وين ظلال العيون ؟,neutral
1993,بدي زواية هادية، اذا ممكن .,neutral
1997,هاد التكسي ببلاش؟,neutral
1998,هاي محطة اكسبريس؟,neutral
2001,أي ساعة لازم أجي؟,neutral
2003,بدي قنينة صغيرة من النبيذ لابيض .,neutral
2005,أوه . بقدر أخذ وجبتي بعدين . مش حاس حالي كويس هلا .,negative
2025,صراحة، عندي أخبار، تزوجت .,positive
2033,في بناطيل ثانية؟,neutral
2035,بقدرأخذ البرنامج؟,neutral
2052,حدا اقتحم غرفتي ليلة مبارح.,negative
2055,فرجيني السمك اللي شفته اليوم بكتاب الصور، لو سمحت .,neutral
2083,شوف التعليمات اللي على غلاف الأكل المفرغة.,neutral
2086,بدي مصاري ورق .,neutral
2100,أخذ محفظتي و هرب .,negative
2119,ما عندك دروس تجريبية؟,neutral
2147,من وين بقدر اشتري طوابع البريد؟,neutral
2148,أنا من بريطانيا .,neutral
2156,لازم أتأكد منو مع مرتي.,neutral
2161,بدي رد على هاد .,negative
2179,في صندوق تلقون قدام هذا البنك.,neutral
2180,رح اوصل بتسعه ثلاثة و ارجع ب اربعطعش .,neutral
2205,هاد شوي غالي و لا شو رأيك؟,negative
2235,عندك كعب؟,neutral
2236,وين محطة الباصات؟,neutral
2238,بتهتم بالتحلاية؟,neutral
2302,انت بتحكي؟,neutral
2306,نفس الشيء الي، لو سمحت.,neutral
2318,طلبي ما وصل .,negative
2324,في كثير ينابيع ساخنة .,neutral
2329,لو سمحت حول خمسين الف ين ل دولار امريكي .,neutral
2338,هد كويس بالنسبة الي . صراحة بدي ادخن .,positive
2347,من وين بقدر استأجر ادوات تزلج و احذية؟,neutral
2353,نسيت مشروباتنا؟,negative
2368,بتقدر ترسلها لعنواني باليابان عن طريق تجميع الطرود الدولية الثانية؟,neutral
2381,بدي كأسة نبيذ احمر.,neutral
2389,بس إذا كان لك، يا سيدي. ههههه، بس مزحة صغيرة.,neutral
2401,اكيد. كيف بقدر اخدمك؟,neutral
2412,عنا البيرة، ويسكي، براندي، الجن، الفودكا والنبيذ.,neutral
2425,هوية شخصية. صحيح. جواز السفربيزبط؟,neutral
2428,رقم غرفتي هو ثلاثة ستة وعشرين. بتقدر تجيب غسيلي؟,neutral
2440,رح اشوف إذا كانت بتزبط.,neutral
2441,بدي غلاية.,neutral
2445,جيبلي شوية الجبن المبشور.,neutral
2462,بقدرانظف القمصان قبل بكرا الصبح؟,neutral
2476,رح يكون الك مكالمة ثانية معو؟,neutral
2490,ليش طيب؟,neutral
2492,عفوا. هل هناك مكتبة قريبة من هون؟,neutral
2496,أعتقد أنك ارتكبت خطأ. كانت الغرفة مسبقة الدفع. لدي إيصال.,negative
2505,الحافلة موجودة هناك.,neutral
2516,بدي لفتين من ايزو مية، فيلم ملون، ستة و ثلاثين لقطة، لو سمحت.,neutral
2519,بدي اسدد هاد الشيك بسبعين دولار .,neutral
2521,بدي اشتري عشر طوابع لعشر بطاقات بريدية لليابان، لو سمحت.,neutral
2528,في بنوك قريبة من المحطة؟,neutral
2531,خايف انو يكون في خطأ بالفاتورة .,negative
2552,هيها هون .,neutral
2557,واحد برغر مع جبنة سفري، لو سمحت.,positive
2578,جد ما بتقدر تعمل اي شغل للتصميم من غير كمبيوتر .,neutral
2591,اركض.,neutral
2601,في مزعه هون ببلوزتي، بتقدر تخيطلي اياه، لو سمحت؟,neutral
2613,شو الاجرة لمانشستر؟,neutral
2643,بتقدر تعيرني وصلة اضافية؟,neutral
2644,من وين بقدر اشتري حصيرة للشاطئ؟,neutral
2670,بعدين، لو سمحت اعملي حجز جديد .,neutral
2676,اعطيني شريحة لحم خنزير، بس مش سميكة زي هديك .,negative
2678,رح نيجي على السبعة .,neutral
2687,بس اشوف الاسعار هيك رخيصة، بيكون اشي غبي انو اشتري اي اشي من اليابان .,negative
2690,في سجلاتي انسرقو، كمان .,negative
2695,بوزة فانيلا، لو سمحت .,positive
2702,انا معك . لازن تكون كثير طبيعية .,neutral
2704,انسى الفتحة، انسى الفتحة، بعدين قريب البواب، لو سمحت.,neutral
2707,بدي بطاقة صراف .,neutral
2708,هي الرقم.,neutral
2715,احكيلي نقطة كويسة من هذا النهر، لو سمحت .,neutral
2726,لو سمحت أعطني تقرير حادث.,neutral
2729,لا، شكرا لك هلا .,neutral
2734,طيب، لو سمحت خليك على الخط. سيد ناكاجيما، شكلو السيدة سايتو ما بترد، بتحب اضل ارنلها لمدة اطول؟,neutral
2736,يمكن، بس لازم نوزنهم منفصلين .,neutral
2747,شكلو شوي كثير نادر .,neutral
2748,وين استلام الشناتي للرحلة سبعة صفر ثلاثة؟,neutral
2760,في اشي غلط بشنتتة سفرك .,negative
2765,هاي رح تفسد؟,negative
2772,لا شكرا. احسن انو ما شرب بعد هلا.,neutral
2808,لو سمحت، احكيلي عن شوية شوارع كويسة للتسوق.,neutral
2811,بيرح هاد الباص على فندق هيلتون؟,neutral
2816,هلا . هاي الرسمة كثير خاصة. رسمها تسوروتارو كاتاوكا. معروف كفنان بكل العالم.,positive
2850,عندي تقدير كبير للموسيقى الكلاسيكية.,positive
2851,بقدر اعزمكو مرة على العشا؟,neutral
2862,طيب . شو اسم الشخص الثاني تبعك ورقمو، لو سمحت.,neutral
2871,لو سمحت، خلوني اطلع، لو سمحت .,neutral
2878,بتقدر تتصل بالموظفين اللي بيحكو ياباني؟,neutral
2898,احنا بالعادة بنزور قرايبنا .,neutral
2939,ميكي هاياكاوا. ها الغرفة سبعة صفر اثنين.,neutral
2945,لازم اضل هون الليلة، صح؟ بتقدر تساعدني احجز غرفة بفندق؟,neutral
2947,لا ما يكون طويل . خمسطعشر دقيقة بالكثير .,neutral
2960,بتقدر تحكيلي قديش بتكلف هاي المكالمة؟,neutral
2964,طيب، بتقدر تحكيلها اني اتصلت، لو سمحت؟ رح احكي معها مرة ثانية بعدين .,neutral
2973,في اي جولة الصبح؟,neutral
2982,بتحول عملات اجنبية؟,neutral
2983,ميزانيتنا تقريبا خمسين دولار لمجموع ثلاث اشخاص .,neutral
2990,من وين بقدر اشتري لفة فيلم؟,neutral
2995,عندك بيرة يابانية؟,neutral
3001,بدي مايوه صغير، لو سمحت.,positive
3016,بدي اسجل شناتي.,neutral
3029,معك الانسة كاوازو بغرفة ستطعش اهدعش .,neutral
3030,على الرحب و السعة.,positive
3038,ما في .,neutral
3040,شو الاهم بالنسبة لليابانيين، راس السنة و لا عيد الميلاد؟,neutral
3041,رقم كرسيك هو اثنين و ثلاثين إي . بعدين روح دغري في هاد الممر . الكرسي اللي على الشباك .,neutral
3073,دقيقة لو سمحت .,positive
3109,لو سمحت عبي تقرير المفقودات .,neutral
3111,ما بفهم امريكي . بحكي انجليزي بريطاني .,neutral
3120,من مبارح .,neutral
3129,بيشمل تأمين الصدمات والمسؤولية القانونية.,neutral
3134,ضيعت بطاقة الاستلام تبعي.,negative
3152,عندك بروش بتصماميم منيحة؟,positive
3155,بحكي معك من حجرة تلفون عامة في ماسي .,neutral
3170,هدول كثير كبار .,negative
3176,قديش تكلفة الصفة بالساعة؟,neutral
3179,سيداتي سادتي، على رحلتنا الليوم في حضور بيحكو ياباني و ممكن تميزوهم من خلال دبابيس العلم اللي لابسينو . اذا بتعرفو حدا بحاجة مساعدة باللغة، احكولنا لو سمحتو .,neutral
3182,في فترة فنية معينة انت بتفضل؟,neutral
3185,لو سمحت، تفقدها مرة ثانية .,neutral
3195,روح دغري على طول النهر حوالي نص ميل . رح توصل على الحديقة .,neutral
3201,لأ، همه كثير قاسيين .,negative
3207,أوك، رح ابعثها ل لاس فيغاس عشانك .,neutral
3209,بدور على بلوزة للركض .,neutral
3220,بتحب اي اشي للشرب من البار؟,neutral
3222,من هاي الطريق لو سمحت . خذ المصعد .,neutral
3238,احسنلك تركب قطار الساعة ثمنية و نص .,neutral
3267,في اي معرض للافلام قريب من هون؟,neutral
3269,هاد موسم المحار، رح يكونو مناح .,positive
3279,بدي مع ساعة ايد ثانية .,neutral
3284,رح اسجل وصول على الساعه تسعة بالليل .,neutral
3285,اتأخر الوقت، لازم اروح .,negative
3289,ما استخدمت خدمة الغسيل عندك، بتقدر تشيك عليه مرة ثانية ؟,negative
3292,بدي شاي، لو سمحت .,neutral
3295,لا، ما في .,neutral
3304,هاي اخر محطة؟,neutral
3318,خلينا نرن عليه .,neutral
3323,هاي البهارات حارة؟,negative
3334,من وين بقدر اخذ باص للمعالم السياحية؟,neutral
3335,اه، بدي اشوف معالم المدينة .,positive
3351,في كثير سياح حول المينى، شكلهم اتجمعو حتى يشوفو ايش في .,neutral
3359,شكرا لحسن ضيافتك .,positive
3375,الصدق هوه احسن سياسة .,positive
3385,بتقدر تصحيني على الساعة سته، لو سمحت؟,neutral
3392,قديش رح يكلف لنص يوم؟,neutral
3397,انا كينجي .,neutral
3402,بتعرف اماكن كويسة للزيارة بشيكاغو؟,neutral
3404,طيب، اذا انكو الثنين مصممين، رح اروح معكو .,positive
3413,بتقدر تغير هاي لوحدة ثانية من نفس النوع، لو سمحت ؟,neutral
3446,بدي حجز للساعة ثلاثة العصر .,neutral
3489,صندوق الامان، لو سمحت .,neutral
3502,لو سمحت اختار نبيذ مناسب .,neutral
3512,حاب مكان صغير .,neutral
3522,لازم ادفع حق البنزين؟,neutral
3557,حرامي . امسكوه .,neutral
3562,قاعدين بنستنى صحابنا حتى يجو .,positive
3572,لو سمحت، اعطيني شوية فكة .,neutral
3619,كيرلي قوي، لو سمحت .,neutral
3628,هيه صغيرة و لطيفة .,positive
3638,شو الاوبرا اليوم؟,neutral
3640,مقلي، لو سمحت .,positive
3644,غسيلي ما رجع لسه .,negative
3649,على فكرة، انت فاضي السبت الجاي؟,neutral
3667,طيب، يمكن رح نروح مع بعض .,positive
3669,بتعاملني كأني شحاد .,negative
3683,ااه، كمان، بتقدر تساعدني بمشكلة ثانية؟,neutral
3685,بتقدر تحط عدسات طبية على هدول النظارات الشمسية ؟,neutral
3698,رح اخد اثنين من هدول .,positive
3705,ما احلى الكلاب . شو نوعهم؟,positive
3721,وقعت شوكتي . لو سمحت جيبلي وحدة ثانية .,negative
3742,كان مسلي .,positive
3747,اكيد، روح دغري و بعدين يمين على الزاوية الثالثة . رح تلاقيه على يمينك .,neutral
3765,عندك فيلم لشرائح ملونة؟,neutral
3780,بتعرف كاثي؟ هاي حفلة عيد ميلادها .,positive
3789,عندك مخط ملون؟,neutral
3792,بقدر ادفع عن طريق شيك سياحي؟,neutral
3806,بس، هوه ن زلمة، كيف بدي اعرف الاشي الحقيقي؟,neutral
3825,بقدر اخذه معفي من الضرايب؟,neutral
3829,ما بقدر احط اغراضي تحت الكرسي . بتقدر تخليهم معك، لو سمحت ؟,neutral
3835,بتقدر تحط هاي الشنتة بشنتة السيارة؟,neutral
3847,رح اطلع برا هلا، ف رح اخدها .,neutral
3856,لو سمحت ابعث حدا عشان شناتيي على الستة و نص .,neutral
3858,بدي خريطة لسان فرانسيسكو و المناطق اللي حولها .,neutral
3859,شو نوع الخبز اللي عندك؟,neutral
3860,وين المصعد؟,neutral
3861,في اي حدا بيعزف بيانو؟,neutral
3872,بأي محطة انزل حتى اروح على امباير ستيت بيلدينج؟,neutral
3887,الميزانية تحت الالف دولار .,negative
3892,شكرا، بس ما اتوقع انو عندي وقت اضل كمان ليلتين . بتقدر تحجزلي غرفة بالفندق هداك عشان ليلة اطنعش ثلاثة بس؟,neutral
3900,بقدر احجز غرفة مجوزة بتطل على المحيط؟,neutral
3920,لسه ما قررنا .,neutral
3928,رفيقي تعرقل و صار معو التواء بالكاحل .,negative
3936,رح اجرب شربات .,neutral
3961,في مطعم تايلندي قريب؟,neutral
3972,هوه بالزبط جنب هداك المبنى الطويل . عشان هيك ارجع نفس الطريق اللي اجيت منو حتى الاشارة و بعدين روح شمال .,neutral
3974,لازم الحق الطيارة ل لوس انجلوس بكرا الصبح بكير .,neutral
3988,"انا بكل ثقة بنصحك ب ""جولة مدينة سان فراسيسكو"" هاي . رح تعطيك لمحة عن سان فرانسيسكو .",positive
3991,بدي احصل التأمين .,neutral
3995,خلينا نجرب نحط كمادة باردة حتى نهدي الوجع .,neutral
4013,بدها تشتري فستان .,neutral
4016,قديش بيكلف التكسي لهاد الفندق ؟,neutral
4017,وين الحمام؟,neutral
4034,في دخولية للمبنى؟,neutral
4036,خده بطريقك .,neutral
4082,بدور على اشي مرتب .,neutral
4104,الشباك خربان .,negative
4109,على اي جهة من يونيون سكوير؟,neutral
4119,نصف أوقية من شانيل رقم خمسة، لو سمحت .,neutral
4129,شو رأيك بشوية القهوة؟,neutral
4143,بحتاج تذكرة؟,neutral
4182,قديش تقريبا رسوم الخدمة؟,neutral
4185,قديش من هون؟,neutral
4187,كريما والسكر؟,neutral
4193,عندكو نسبة تخفيض للاعضاء؟,neutral
4219,في سوبر اكسبريس على التسعة و نص؟,neutral
4221,خليني اتأكد من سائل البريكات والمحرك. محركك شكلو بيماطل تقريبا.,negative
4224,ما كان خطأي.,negative
4262,ما في كهرباء.,negative
4263,رح احكي للشرطة.,negative
4269,لازم الكل يدفع حق شرابه الخاص؟,neutral
4275,في أي مكان من ثلاثين إلى خمسين دولار لليلة.,neutral
4278,لو سمحت صلح هذا.,negative
4284,في أيام رأس السنة الميلادية. وفي مناسبات خاصة زي حفلات الاعراس، حفلات الجوائز او الجنازات .,neutral
4285,خردل زيادة، لو سمحت .,positive
4305,ليش ما تعطيها هديتها؟,negative
4321,شو الفيلم اللي بتنصح فيه؟,neutral
4324,و هي عشرين واعطيني ثنين دولارفكة، لو سمحت .,neutral
4326,ضربتني بالجنب.,negative
4335,بقدر اجي على الثنتين .,neutral
4341,هاي الشناتي من رحلة جيه ايه ال صفر واحد؟,neutral
4346,هاي أول رحلة إلي لباريس.,positive
4348,بتقدر تقدر التكلفة قبل ما تبلش شغل؟,neutral
4358,فوت لو سمحت .,positive
4364,رحلة المشي تبعتنا لازم تكون ممتعة .,positive
4365,وين نركب على القارب؟,neutral
4373,ما معنا شنتة لهاد المبلغ، عشان هيك رح احطهم بهاد الكيس البلاستيك الكبير .,negative
4374,بدي العب تنس .,positive
4375,في أناناس وبرتقان وعصير بندورة.,neutral
4377,الجهة الشمال من هاد الطابق .,neutral
4382,شو الموسيقى رح تكون بحفلة اليوم بالقاعة؟,neutral
4409,ما بتقدر تشوف فيلم ثاني؟,neutral
4418,لو سمحت غير شيك المسافر هاد لكاش .,neutral
4432,بدي نفس الدورة بكرا، لو سمحت.,neutral
4450,على الاغلب اقدر اعطيك جواب احسن بعد شوية عروض .,neutral
4451,بدي هدية لذكرى سنوية .,positive
4464,شو المسرحيات الموسيقية الموجودة هلا؟,neutral
4475,معك مراية؟,neutral
4478,انا ضعت، بتقدر تساعدني؟,negative
4479,راح اخد وحدة من هاي، لو سمحت .,positive
4497,ما بتقدر تجيب العاب نارية لكندا .,negative
4501,اما شو طبخ مرتك بيجنن .,positive
4503,بدك اي مساعدة؟,neutral
4505,بتقدر تحجزلي تكسي بكرا الصبح الساعة ستة، لو سمحت ؟,neutral
4510,شو بتحب مع دخوليتك؟,neutral
4540,في بوتيك قريب من هون؟,neutral
4549,المكان هاد مليان ناس، صح؟,positive
4558,اسف . رح يكون جاهزين بخمس دقايق .,neutral
4588,رقبتي طقت و انا نايم .,negative
4594,تمام، ما في مشكلة . بقدر اشوف جواز سفرك؟,positive
4615,ما معي مصاري .,negative
4624,متى لازم اكون بالمحطة؟,neutral
4630,في كثير مطاعم قريبة من هون .,neutral
4635,هوي جنب غرفة الامانات.,neutral
4640,العفو.,positive
4644,في جولة العصر؟,neutral
4648,انا مع صاحبي .,positive
4653,استمعت كثير بالقعدة، شكرا الك .,positive
4654,الشاطئ تحت على اليمين . ما احلى المنظر .,positive
4658,شكرا لانتظارك، انسة مكجواير . هيو، تفضلي، لو سمحتي .,positive
4662,عندك صورة للهوية؟,neutral
4671,سبعة، لو سمحت .,positive
4674,بدي ابعث هاد للغسيل. متى بيجهز؟,neutral
4685,عندي بنطلون مخططة .,neutral
4699,نعم، في شناتي لشخص وصلو لغرفتي هلا، بتقدر تتأكد منهم، لو سمحت؟,neutral
4714,بقدر اعرف الشرح مع تفاصيل؟,neutral
4729,نمت منيح؟,neutral
4733,ممكن تكبس كبسة التصوير؟,neutral
4740,مفتاحين، لو سمحت .,neutral
4742,بدي لمبة .,neutral
4744,بآخر الكريدور .,neutral
4773,بدي ورق ملاحظات .,neutral
4788,راح نروح بالباص؟,neutral
4790,انت حكيت انك مسافر ل طوكيو بكرا؟,neutral
4795,خليني انام للساعة تسعة .,neutral
4801,لازم احول ل أو واحد صفر صفر . ممكن؟,neutral
4813,كيف لعبتك هالايام؟,neutral
4814,حاس بضيق بالصدر .,negative
4826,ما في مشكلة، اذا انك جاي بخمسطعش تسعة بتقدر تستمتع بعرض الافلام العلمية، لانو احنا عنا يوم مفتوح خاص بأول جمعه من كل شهر .,positive
4828,في جولة ثانية؟,neutral
4836,تمام، خصم خمسة بالمية، اوك؟,neutral
4845,راح على باريس .,positive
4848,مش احدث موديل، صح؟,neutral
4857,على الجدول على الثمنية و نص مسا بالتوقيت المحلي .,neutral
4889,خذ المبنى معنا، لو سمحت .,neutral
4894,اوك . رح اخذ صحن وسط و كرة رز .,neutral
4901,كيف طالع؟,neutral
4924,بدي اشوفه على الشباك، لو سمحت .,neutral
4945,مستحيل . احنا بعطلة . ما بقبل انو اقعد و احضر مباراة تنس على التلفزيون . بدي اطلع اشوف اللعبة .,negative
4957,بقدر المسو؟,neutral
4974,بتقدر تيجي هون تصلحه؟,neutral
4983,بدي الياف صناعية.,neutral
4985,اسمي تارو تاناكا. عندي حجز.,neutral
4990,بدي شوية كريم مطهر .,neutral
5004,بدي بلوزة مع كمام .,neutral
5009,سرقت من شنتتي.,negative
5017,طرقنا بتتقاطع اكثر من مرة، صح؟,neutral
5035,بقدر اشوف القائمة مرة ثانية؟,neutral
5045,لساتها خضرا شوي .,negative
5082,كم العدد؟,neutral
5083,الفراولة، لو سمحت.,positive
5090,جبل فوجي هو أعلى قمة في اليابان على ثلاث الاف و سبعمية و ستة و سبعين متر .,positive
5091,لا، لسه . في كثير خيارات .,neutral
5098,بدي كريم ليلي .,neutral
5104,هيه بين المخبز و اللحام .,neutral
5116,بتقدر تقصر الكمام؟,neutral
5117,اسف ما في ملعب جولف قريب من هون .,negative
5121,تقدر تفرجيني الخاتم الثاني من الشمال؟,neutral
5124,بتقدر تحكيله يتصل علي؟,neutral
5138,كنت بحاول اعمل مكالمة دولية . ما زبطت لسه ؟,neutral
5148,هذا خطأ.,negative
5175,اه، هيو . لانو بتقدر تشوف العلم قدام مكتب البريد .,neutral
5207,اكيد رح ترسللهم، صح؟,neutral
5219,بدي احكي مكالمة ببطاقة الصراف .,neutral
5224,بدي اروح .,neutral
5245,بس توصل، رح ندفع لشحنها لعنوان بيتك .,neutral
5246,هالايام كثير بستخدم الكمبيوتر بالشغل .,neutral
5250,حسنا. أفهم. سأأتي إلى مكانك.,positive
5259,لا، هذا يكفي.,negative
5261,بقدر اخد حرام و مخدة؟,neutral
5262,ممكن تيجي هون بأقرب وقت؟,neutral
5263,فنجان من قهوة لو سمحت.,positive
5267,بدور على بطاقات من هاواي .,neutral
5272,بتقدر تضيق العيدية ثلاثة سنتيميتر؟,neutral
5289,أنا نفس العمر.,neutral
5300,بتقدر تجيبلي شوية قهوة؟,neutral
5307,ثلاثمية و خمسين دولار؟ هاد اكثر من ميزانيتي .,negative
5323,احنا لازم نصوت على هاد؟ اذا لا، اتوقع انو وصلنا لنتيجة، و رح افرجيها لمجلس ادارتنا بكرا الصبح .,neutral
5334,بتعرف اذا في فنادق رخيصة؟,neutral
5361,صباح الخير . نمت منيح؟,positive
5364,شو ناوي تعمل بعد ما تخلص مدرسة؟,neutral
5366,شنتة كتفي انسرقت مني بالشارع .,negative
5367,في خدمات ثانية جنب الفطور بهاد الصبح؟,neutral
5407,بدي فنجان قهوة بيضا، لو سمحت .,positive
5410,اوك . فندق الشيراتون قريب من هون؟,neutral
5411,اتمنى انك مش تعبان كثير .,neutral
5431,بدي استأجر سيارة من هاد النوع ليومين .,neutral
5436,رح اخذ بقطة ل جاك دانيلز .,neutral
5437,بدي كيس بوشار، لو سمحت .,positive
5447,وقعت عصاية تزلج.,negative
5455,احنا ما بنجيب اي هدايا للاستقبال . بدال هيك، الضيوف بيجيو كاش .,neutral
5458,بدي ارسله عن طريق البريد البري او البحري.,neutral
5492,وصلت الطائرة متأخرة بسبب الثلوج الكثيفة.,negative
5518,المسؤول، لو سمحت.,neutral
5521,بتقدر توخذ رسالة، لو سمحت ؟,neutral
5540,اسف، مش ملحقك . بتقدر تحكي شوي ابطأ، لو سمحت ؟,negative
5549,شو بقدر افرجيك؟,neutral
5559,بقدر اصور؟,neutral
5570,من أصل مية.,neutral
5584,رقم الرحلة هو اتش بي تسعة وثمانين لطوكيو ب اهدعش ثلاث.,neutral
5585,بقدر اخذ نفس الطبق هداك؟,neutral
5594,عندك واحد ثاني؟,neutral
5596,لو سمحت جيب فطوري على غرفتي بكرا الساعة سبعة الصبح .,neutral
5615,المصلح رح يجي بعد شوي .,neutral
5617,اسف . رح ارجع بعدين .,neutral
5640,كيف بقدر اخده؟,negative
5648,في أي شواغر بجولة الخميس؟,neutral
5657,لو سمحت . بقدر امر؟,neutral
5680,في عندك اي زريعة و فواكه؟,neutral
5684,لو سمحت احكيلي كيف اعبي بطاقة النزول؟,neutral
5695,اعتقد انو سيارتي بتستاهل حوالي خمستالاف دولار .,neutral
5706,هاد الاكل سعراتو قليلة؟,negative
5717,اي باص لازم اخذ للمحطة؟,neutral
5723,اه، هو . بس لازم تلف شمال على الاشارة الضوئية الثالثة و تضل على هداك الشارع حتى توصل لطريق ستة و ستين .,neutral
5733,بدي كاسة مي حتى اخد الدوا، لو سمحت .,neutral
5761,رح اكون كثير ممنون اذا اخذتني على الشاطئ .,positive
5772,اسف . الرقم غلط . معك تانكيوشا بريس.,negative
5779,بنطلع.,neutral
5830,شو هاي الموسيقى؟,neutral
5847,لو سمحت اعطي هاد الشراب لطفلك، مقدار واحد بعد كل وجبة .,neutral
5848,هاد الستايل رح يكون موجود باحجام ثمنية و عشرين، واحد و ثلاثين و خمسة وثلاثين سنتميتر .,neutral
5875,اوه، هاد كثيير .,neutral
5898,بقدر استعمل تلفونك؟,neutral
5902,ريحته كثير حلوه . كم حقه؟,positive
5906,بدي ارجع أكد على رحلتي ل شيكاغو ب سبعطعش .,neutral
5913,اكلت شوي زيادة .,neutral
5914,بقدر احكي مع السيدة براون؟,neutral
5916,هاد شكلو مريح للعيشة، صح؟,positive
5934,بدي احجز على طيران نورث ويست رحلة صفر ثمنية ستة ليوم خمسة.,neutral
5940,محفظتي، جواز السفر واغراض شخصية ثانية .,neutral
5956,متى بتسكر؟,neutral
5974,استنى دقيقة، يمكن تركته بالحمام .,neutral
5987,هاد بس اللي كنت بدي احكيه .,neutral
5988,اه، اتوقع .,positive
5997,بيتك كبير . كم غرفة؟,neutral
6006,انبسطنا بالعشا .,positive
6024,انا فاهم، بس ما بقدر احكيه.,negative
6047,اوه، اه، لو سمحت . بتمنى ما يصير معهم دوار البحر .,negative
6056,ل طوكيو، لو سمحت .,neutral
6073,شو وقت الوصول المتوقع تبعنا؟,neutral
6086,رح اطلع بكرا بكير، عشان هيك بدي ادفع هلا .,neutral
6100,دراي شيري، لو سمحت .,neutral
6109,كرسي لغير المدخنيين، لو سمحت .,neutral
6156,هوه مشغول هلا .,neutral
6167,بقدر الاجانب يوصلو للكتب بهاي المكتبة؟,neutral
6179,بقدر اضل بغرفتي للساعة ثنتين المسا؟,neutral
6190,هههه . صباح الخير بوقتك . اوك تمام .,positive
6193,بدي فيلم من هاد رقم ال ايه اس ايه لهاي الكاميرا، لو سمحت .,positive
6205,وين رسمات مونيت؟,neutral
6214,هاي البيتزا زاكية، مين عملها؟,positive
6221,شو طعم هاد الطبق؟,neutral
6227,و كمان غاليين .,negative
6228,متى بتحرك القطار الجاي ل بوسطن؟,neutral
6232,بخطط اتعلم غولف .,positive
6247,لو سمحت اعطيني شراب ثاني .,neutral
6253,سيرفر كثير كويس .,positive
6272,اسف الكمام كثير قصار .,negative
6283,بتقدر تفرجني كيف احط البنزين؟,neutral
6285,اجرة الفندق بتشمل الفطور؟,neutral
6287,هاد كل شي؟,neutral
6291,في هاد الطريق.,neutral
6339,لو سمحت بلش العداد.,neutral
6363,غرفتي باردة كثير .,negative
6411,رح ارجعلك لما تكون مش مشغول .,neutral
6413,عندك وحدة اكبر؟,neutral
6418,حاس حالي احسن .,positive
6430,بتعرف بجغرافية اليابان؟,neutral
6436,لو سمحت فرجيني وين انا بالخريطة .,neutral
6437,مية بالمية قطن .,neutral
6466,بدي اغير لغرفة بتطل على المحيط . في تكلة اضافية؟,neutral
6472,قديش بيكلف استئجار نص يوم للوحة ؟,neutral
6481,عشرة اهدعش .,neutral
6484,بدي شريط الة كاتبة .,neutral
6492,كثير زاكية .,positive
6497,متى رح نقلع؟,neutral
6498,كيف خليت الشفير يعرف متى رح تنزل؟,neutral
6513,اربعة و عشرين دولار . بدك كمان؟,neutral
6515,حجزت بطوكيو من شهر .,neutral
6517,بشكرك من جوات قلبي .,positive
6525,بقدر انزل هون عند مركز روكفيلر؟,neutral
6539,لو سمحت قيس حجم بوتي .,positive
6547,كثير حلو .,positive
6550,تطلع بموعد معي ؟,neutral
6552,لو سمحت نظف هاد الكبوت .,negative
6553,بد استأجر قارب .,neutral
6574,وين قسم السيدات؟,neutral
6581,القهوة مش مشمولة؟,neutral
6593,شو المجال اللي كان فيه زمان؟,neutral
6602,ينعن. ينعن. ينعن. ينعن. اتعودت على وجهها .,negative
6609,لازم ادفع رسوم كمان بس افوت على المبنى؟,neutral
6613,مرحبا، الشخص اللي بتتصل عليه على الخط . تفضل، لو سمحت .,neutral
6625,جرحي بيوجع .,negative
6635,وين المحطة؟,neutral
6657,عندي برد و رجفة .,neutral
6659,ثلاثة ايام.,neutral
6660,اعبر الجسر من هناك، و رح تلاقي المكتبة على جهة ايدك الشمال .,neutral
6692,لو سمحت ساعدني الاقي دليل بيحكي ياباني .,neutral
6699,ما بدي وحدة ضخمة .,negative
6700,رح يكون في تأخير بسيط .,neutral
6715,شو الفرق بين هدول الفنادق؟,neutral
6724,ضيعت المكان اللي لازم اوقف فيه .,negative
6736,كان فخم . شكرا .,positive
6740,رح اكون هناك حوالي ستة المسا .,neutral
6746,عندك اي اشي اطول شوي؟,neutral
6766,تاريخ انتهاء الصلاحية هو شهر ثلاثة الف و تسعمية و تسعة و تسعين .,neutral
6780,كيف كان؟,neutral
6800,في كازينوهات كويسة؟,neutral
6810,هي المصاري عشان قلام الحبر . فاتورة مية دولار .,neutral
6812,وين قسم السيدات؟,neutral
6825,وين بقدر اركب القارب؟,neutral
6832,صاحبي انصاب .,negative
6835,شكلك منيح .,positive
6836,المحل هاد يفتح بكرا؟,neutral
6862,في اخر القاعة .,neutral
6864,بتقدر لو سمحت تبط شواربي؟,neutral
6866,بيجي مع صحن سلطة و خيار بين بطاطا مشوية او فرنش مقلية .,neutral
6875,من وين بقدر اشتري بكرج؟,neutral
6914,ما بقدر ابيعه من دون وصفة طبية .,negative
6917,بقدر احجز خمس كراسي مع بعض على نفس الصف؟,neutral
6923,بتقدر تعيرني حبل الكتان، لو سمحت؟,neutral
6944,اي سيارة بتعطي اميال احسن؟,neutral
6960,ما رح تاخد خصم لو شو ما حاولت .,negative
6966,بتقدر تفتح الشنتة، لو سمحت؟ شو فيها؟,neutral
6970,بدي اعمل مكالمة طويلة لفندق هيلتون ب بوسطن .,neutral
6984,السيدات بيقبلو هاد الحكي؟,neutral
6991,دير بالك، السقف واطي .,neutral
6999,ما بقدر اشوف الشاشة منيح من هون . بتقدر تغير الكراسي شوي؟,negative
7030,زرت البحيرات الكبار لاول مرة .,positive
7048,في غلط ب آلة البيع هاي .,negative
7057,بدي دكتور .,positive
7070,قديش الها بالمملكة المتحدة؟,neutral
7081,اللي بيحبو الفنون الجديدة زيك على الاغلب رح يحبو رسومات الهيبيش و منظر موسيقي الشارع .,positive
7098,متى؟,neutral
7099,رح اخذ هوت دوج و كولا .,neutral
7104,معاك مشغل المكالمات الخارجي.,neutral
7123,بتقدر شوف المبنى الابيض، صح؟ هو قدام هداك المبنى .,neutral
7130,من متى؟,neutral
7137,ما عندي اي اشي اعلنه .,neutral
7198,شو؟ لازم تدفع الضرايب اذا عندك اكثر من ثلاث قناني كحول؟,neutral
7206,صاحبي مريض كثير . بتقدر تحكي مع دكتور، لو سمحت؟,negative
7227,ما بعرف كثيير عن البيرة . شو المناسب لهاد الطبق؟,neutral
7233,بتقدر ترنلي الصبح بكير، لو سمحت؟,neutral
7248,في محطة بنزين بعد تقاطعين من هون .,neutral
7253,اليابانين ما بيعطلو كثير .,neutral
7264,حاس الكل بيتطلع علي . نادر ما يشوفو واحد ياباني؟,neutral
7269,اكيد لا . ليش بتحكي اذا؟,negative
7270,اي طريق مدخل مكتب البريد المركزي؟,neutral
7274,وين مستودع باص السلوقي بهاي القرية؟,neutral
7281,بس مش المطاعم اليابانية ب كيوتو غالية؟,neutral
7289,حاس انو الصوت عالي بالنسبة الي .,negative
7291,عنا غرفة مزدوجة مع حمام بخمسة و ثمانين دولار .,neutral
7305,بدي تقييم الكتاب .,neutral
7314,ابرد من دايما هاي السنة، بس برد ثلج .,negative
7321,من وين بقدر اشتري تذكر المترو؟,neutral
7335,رح يكون الي كراسي درجة رجال الاعمال، صح؟,neutral
7343,قديش بيكلف التكسي من هاد الفندق للمحطة؟,neutral
7349,بقدر اخذ من هاي و ها، لو سمحت؟,positive
7381,بيحكو انو اليابان دولة غنية كثير.,positive
7386,في غرف مجانية بسيارة النوم؟,neutral
7391,بتقدر تخصم لعشرين دولار، لو سمحت؟,neutral
7395,هاي هدية لصاحبي .,positive
7412,الثلج خلى الطريق بيزحلق .,negative
7414,مش ملاقي الكاميرا .,negative
7416,رح اعمل سندويشتنين لحم خنزير .,neutral
7438,عندك اشي بدك تعلن عنه؟,neutral
7439,شفت كبوت ازرق؟ حطيتو على هاد الكرسي .,neutral
7470,في محل ببيع ورد على الشارع .,neutral
7478,أنا من طوكيو.,neutral
7479,بدي كريم غسول ريفلون .,neutral
7485,عندي اشياء بدها غسيل .,neutral
7507,طلبت من زمان .,neutral
7533,بتقدر تبعث حمال لغرفتي الساعة ستة الصبح؟,neutral
7549,بدي هوت تشوكليت .,positive
7550,بنقدر نرتب حتى يكونو غرفك نظاف .,neutral
7574,خاص، من فضلك.,positive
7583,قديش بيكلف لفندق سي؟,neutral
7612,بقدر اخد تذكرة اكثر من مرة؟,neutral
7622,بدي احجز طاولة لشخصين على السبعة، لو سمحت .,neutral
7626,بدي كريم ليلي .,neutral
7627,بتقدر تلفها كهدية؟,neutral
7636,الساعة ثلاثة و ربع .,neutral
7650,رح اخطط ارسل فواتير لاحتياجاتي اليومية، عشان هيك لو سمحت احكيلي عنوان و اسم الشخص المسؤول.,neutral
7656,صعب علينا نحكي انجليزي بطلاقة .,negative
7662,عندك من نفس التصميم كعب اعلى؟,neutral
7663,بدي بلوفر لولد عمره عشر سنين .,neutral
7671,خذني لطريق ابي، لو سمحت .,neutral
7684,شكرا. مرحبا، شكرا انو استنيت .,positive
7693,انا متأكد انو عندي حجز .,neutral
7708,رح ارسلها الك، عشان هيك استنى هون .,neutral
7712,احنا هون ليوم .,neutral
7721,عندي صداع خفيف .,negative
7736,انبسطت بالوجبة كثير .,positive
7756,لا، لو سمحت اقعد و استنى . رح ارجع هلا .,neutral
7761,بقدر اشوف السيارة؟,neutral
7767,بتقدر ترسملي خريطة، لو سمحت؟,neutral
7789,اوك، سيدي. لو سمحت خليك بغرفتك حتى يجي الدكاترة .,neutral
7811,انا اتهاجمت بشاطئ وايمنالو . لو سمحت تعال هلا .,neutral
7812,شو بالنسبة لمية دولار؟,neutral
7814,بدي اياها مغلفة .,neutral
7831,بدي اقدم طلب اعادة اصدار .,neutral
7834,الجكومة دعمت تسويق الصناعات .,positive
7838,هوه اكثر من خمسين سنة، اتوقع .,neutral
7858,شو اقل عمر لعمل هاد؟,neutral
7860,عندك خرائط بسيطة للمدينة؟,neutral
7867,اذا ممكن، انا بفضل انو السن ما يكون برا .,neutral
7871,المجموع طابة وحدة، و عصايتين .,neutral
7883,شو الوقت اللي بيوصل فيه القطار لسان دييغو، لو سمحت؟,neutral
7913,حاب اتفرج على الصندوق تبعك .,neutral
7925,بدي شوية شامبو .,neutral
7947,انا ضايل بفندق الهيلتون .,neutral
7948,حاس حالي مش منيح و معدتي بقلب .,negative
7957,بس انا عندي موعد اشوفها على الساعة ثنتين .,neutral
7972,السيارة هاي بتروح على ايدنبيره؟,neutral
7976,اه، لو سمحت عبي هاد النموذج .,neutral
7983,قديش بيكلف الوزن الزيادة؟,neutral
7991,اسمي كيمارو . بدي الغي الحجز ليوم الجمعه .,negative
7996,اوه، انا اسف . كان في مشكلة و كنا بنحل فيها . بتقدر تستنى حوالي ثلاثين دقيقة ؟,negative
8039,بأي وقت بقدر اطلع؟,neutral
8050,فهمت .,positive
8058,بدي احكي مع حدا .,neutral
8067,بدك تصفي حساب الفاتورة هلا؟,neutral
8068,السيارة اجت الي من جهة التقاطع .,neutral
8094,هاد صندوق موسيقى .,neutral
8095,وين ضاحية المدينة؟,neutral
8098,في باص لجولة بالمدينة؟,neutral
8108,اي ساعة بنبلش؟,neutral
8114,تمام، سيدي . بالحجم المتوسط بنقدر نعرضلك الزئبق، صح؟,neutral
8116,عندك كدمة بالعضل .,negative
8141,بس انت لازم توعدني انو تضرب الطابة، مش انا، اوك؟,neutral
8143,قديش زيادة؟,neutral
8149,بقدر استعير شوية كتان؟,neutral
8156,شو نوع الجلد المصنوعة منو هاي الشنتة؟,neutral
8161,ما اتوقع انو السكينة هاي نظيفة . بتقدر تعطيني وحدة ثانية؟,negative
8164,اشتريته قبل شوي، بس بتقدر تبدله بهاد؟,neutral
8173,كلام واضح . انا مش موافق على هيك .,negative
8177,هاد الطريق صح للمحطة المركزية؟,neutral
8183,قارب مع دليل، لو سمحت .,neutral
8193,بدي اطلب بدلة اسود غامق الي .,neutral
8194,الشمسية هاي ممكن تكون كعصاية .,neutral
8202,لازم اترك كل شناتي بغرفة الامانات؟,neutral
8210,لو سمحت فرجيني جواز سفرك .,neutral
8227,في اي مكان ممكن الغسيل فيه ايام الاحد؟,neutral
8233,ثنين برغر مع جبنة، لو سمحت .,positive
8234,اي باص بيروح على ميامي؟,neutral
8236,بس ما في داعي للبقشيش ضروري .,neutral
8248,بتقدر تشوف واحد بقاعة كارينجي.,neutral
8250,انا غير معتمد.,neutral
8271,شو هوه تخصص المنزلي؟,neutral
8280,بدي اعمل موعد مع الدكتور .,neutral
8291,ابصر اذا في طاولة فاضية جنب الشباك على الساعة سبعة .,neutral
8295,ما عندك مانع اجي عندك؟,neutral
8305,شكلو في مجال للتحسين.,positive
8316,وين الارضي؟,neutral
8334,عندك حجم اصغر؟,neutral
8338,من وين بقدر اجيب اسبرين؟,neutral
8342,وين قاع الصخرة؟,neutral
8349,لو سمحت اعطيني اسبوع فاضي .,neutral
8355,هاد زميلي .,neutral
8358,شو نوع البنزين هداك؟ ممتاز، عادي و نقي؟,neutral
8368,هنا واحد.,neutral
8371,انا على وشك برد .,negative
8409,هو مسكر يوم الاثنين، بس يوم ثاني لازم يكون اوك . اتوقع انو بفتح من التسعة للخمسة .,neutral
8418,هيه ثعبان البحر محشوة مع صلصة خاصة مع صحن رز.,neutral
8435,"حكالي ""خلينا نحتفل"" و اخذني للبار. وحكى انه بدو يحكي تلفون و راح و ما رجع و علقت مع فاتورة كبيرة .",positive
8454,قديش للغالون؟,neutral
8456,معي جواز سفري و بطاقتي الصراف بشنتتي .,neutral
8485,الحجوزات على السبعة، على اسم مانو .,neutral
8495,ما بدك توخذ كاسة شاي؟,neutral
8497,بتقدر تحكيلي وين بلاقي القنصلية اليابانية؟,neutral
8509,في دكتور بالفندق او واحد بالسماء؟,neutral
8516,دايما بتسوق بشارع بوند .,neutral
8527,ورق انجليزي، لو سمحت .,neutral
8535,في اي مكان بيعزف موسيقى وطنية؟,neutral
8539,بدي اشيك على الاشياء القيمة تبعتي .,neutral
8543,في كمان صوف؟,neutral
8551,قديش للورقة؟,neutral
8574,طيب، اكبس تسعة و صفر واحد واحد، بعدين رمز البلد ورقم التلفون.,neutral
8577,بقدر اخذ دايت كولا؟,neutral
8584,بقدر اطلب؟,neutral
8595,انبسطنا بجولة السيارة، شكرا .,positive
8604,لو سمحت، بقدر امر؟,neutral
8610,مجموع سكان اليابان حوالي ثلاثين مليون .,neutral
8618,بدي استأجر مظلة .,neutral
8625,اه، و بدي اعكس الرسوم .,neutral
8636,محفظة مع مية دولار وبطاقتين صراف.,neutral
8637,المي ساخنة كثير .,negative
8675,انت هون .,neutral
8688,بكرج قهوة، لو سمحت .,neutral
8690,ما حبيت بالمرة .,neutral
8696,معدتي بتوجعني بعد وجبات الاكل .,negative
8734,واو، المكان حلو .,positive
8741,يمكن عندو انسداد جوي .,neutral
8749,قررت؟,neutral
8788,إذا بدك، بنقدر نستريح هون.,neutral
8791,ضيعت مسار الايميل المسجل .,negative
8803,ما بتقدر تغير شغلك بسهولة .,neutral
8805,شو المحطة التالية؟,neutral
8811,تمام، بس مش المبيضات، اليوم كثير شوب .,neutral
8823,انزل هون، و انقل على الباص رقم ستة .,neutral
8824,لازم الحق طيارة العشرة الصبح .,neutral
8827,لسه حاس حالي بدي استفرغ .,negative
8833,ما بدي اشي ضخم .,negative
8840,شيك، لو سمحت .,neutral
8844,قديش حق الفطر الطازج؟,neutral
8850,المسؤول، من فضلك. بتاخذ فيزا؟,neutral
8851,اليوم رح اشوف كيف هيه القرية الصينية .,neutral
8880,اثنين صفر اثنين تسعة ثلاثة تسعة ستة سبعة صفر صفر .,neutral
8900,بدي سناني ينسحبو .,negative
8905,بدي شنتة مكياج .,neutral
8907,مش عارف قديش اترك بقشيش .,neutral
8914,"وين بقدر اشوف ""فانتوم الأوبرا""؟",neutral
8915,بدي اشتري هدايا تذكارية لصحابي . بتقدر تنصحني باشي؟,neutral
8918,ابطأ اكثر لو سمحت .,neutral
8919,شو متوسط ​​رسوم الفاكس الدولية تبعتك كل شهر؟,neutral
8947,المقلية من الجهتين، من فضلك.,neutral
8966,اوك، شكلو واضح كثير . انتو الثنين اعطوني رخصكو و تسجيلاتكو . ويابني، اسف مضطرين نعمللك اختبار التنفس.,neutral
9011,رح تكون جاهزة بعد بكرا المسا .,positive
9022,هاد مصنوع من القطن؟,neutral
9029,عندي دوا .,positive
9034,شو بقدر اشوف بهديك الجولة؟,neutral
9041,اه، في مشروب واحد على الاقل .,positive
9051,قديش ليوم واحد؟,neutral
9061,هاد الباص بيوقف قريب من الفندق؟,neutral
9073,بدي سي دي .,neutral
9077,في رحلات الخطوط الجوية اليابانية و أول نيبون بيطلعو على العشرة و خمسة و خمسين . بس، لسوء الحظ الثنتين فل .,negative
9094,مناسبني منيح .,positive
9098,بنقدر ناخد طاولة لخمسة؟,neutral
9100,هيه ما بتفهم انجليزي بالمرة .,negative
9126,لو سمحت ادفع شيك المسافر .,neutral
9150,بتقدر تدير بالك عليها من التسعة الصبح لحوالي الثلاثة؟,neutral
9160,قديش بيكلف البريد الجوي لليابان؟,neutral
9176,انا معلف . بتقدر تفتح بابي، لو سمحت .,neutral
9211,شو الجولة الأفضل لمشاهدة الأماكن الأكثر شهرة؟,positive
9229,في أي مضيفة بتحكي اليابانية؟,neutral
9242,كم شنتة بقدر اجيب على الطيارة؟,neutral
9263,لا يا سيدي. العصر اليوم كلو محجوز . بس بكرا بيزبط.,neutral
9267,رح اطلب من البواب الاحرة الصحيحة .,neutral
9303,أنا جد، آسف.,negative
9308,رح نعمل حفلة ليلة الجمعة. ليش ما تيجي معنا؟,neutral
9312,طيب، غرفتك هي تسعة و ثمانين، يا انسة، وهي مفتاحك.,neutral
9316,من المهم جدا أن نوصل للمواد الخام التي بنحتاجها للمشروع.,positive
9324,عفوا، ضابط؟,neutral
9325,هاد القطار بيروح مباشرة ل ايدنبيره؟,neutral
9329,هاد شاملو الضرائب المعفية؟,neutral
9337,طلع اشيائي الغالية، لو سمحت .,negative
9358,كيف الرحلات مزدحمة؟,neutral
9367,بدي اشتري هدايا تذكارية . في محل مناسب قريب من هون؟,neutral
9372,لمتى هو مفتوح؟,neutral
9384,هلا طلع .,neutral
9385,مايومي، ممكن تعبي هاي الورقة مع توقيع؟,neutral
9431,هاي واحد الك، سيدي .,neutral
9432,ما عندي شناتي بدي اسجلها .,negative
9446,طبعا خذ وقتك.,positive
9450,انا هون لمهمة اعلام .,neutral
9463,عندك أفلام الصيف؟,neutral
9481,متى القطار الجاي لواشنطن العاصمة؟,neutral
9494,أطول منها هي في رواج هلا.,neutral
9516,راجع على اليابان يوم الاثنين الجاي.,neutral
9526,بقدر اخذ خريطة مترو الأنفاق؟,neutral
9542,هيه رحلة طويلة؟,neutral
9560,بتقدر تبدل هاي بوحدة جديدة؟,neutral
9576,شخصان.,neutral
9579,وين بقدر اخذ اغراضي ؟,neutral
9581,حاس حالي مش منيح . بقدر اثني كرسيي ؟,negative
9604,اهدعش و خمسة وأربعين الصبح.,neutral
9605,بتقدر تحكيلي عن مطعم مشهور بين الشباب؟,neutral
9606,سيارته كانت ماشية بأقصى سرعة.,neutral
9611,بقدر اترك رسالة؟ بدي أكد موعدي مع السيد إبيرت يوم الأربعاء الجي على الساعة اهدعش الصبح .,neutral
9628,بتقدر تشرح بطريقة او باخرى عن مرضك بالانجليزي ؟,neutral
9634,بتقدر ترسل تكسي على المدخل الرئيسي لمول ويسمينستر؟,neutral
9651,كم مرة اغير القطارات حتى اوصل هناك؟,neutral
9657,هاد صحيح؟ خليني اشيك. أوه، أنا آسف كثير، انسة تاكانو. هاد غلطنا . هي الفاتورة الجديدة، ممكن توقعي هون، لو سمحتي؟,negative
9673,خمسة دولارات بيرجعو، لو سمحت .,neutral
9683,ما تسكر سدادة البانيو كلها .,neutral
9687,هيه بس مأخوذة من تقديري .,positive
9688,تعبي هاد النموذج؟,neutral
9695,شو بالنسبة للموديلات البلاستيك؟,negative
9701,شو البراندات اللي عندك؟,neutral
9702,الكعب كثير عالي بالنسبة الي .,negative
9710,انا مسكر من غرفتي .,neutral
9730,قديش ضليت ب باريس؟,neutral
9732,بقدر اخذ طوابع بريدية لثلاثة بطاقات بريدية لليابان؟,neutral
9746,يتهجى ج-و-ر-و-ه.,neutral
9747,بتحب تشرب اشي؟,neutral
9748,اتمدد هون .,neutral
9752,خليها برقية عاجلة، لو سمحت .,neutral
9788,حسب تقرير الجو، رح تثلج بكرا .,neutral
9792,بدي طابة .,neutral
9822,اكيد . رح نكون مبسوطين انو نعمل هيك .,positive
9829,شوي، هو كتاب كوميدي ماليزي. رح اشتري واحد للبيت كقطعة محادثة .,positive
9862,"الطريقل للنجاح هو ""جينمياكو"" صح؟",positive
9866,رح لفندقك حوالي الساعة تسعة المسا .,neutral
9885,معي حوالي الفين و خمسمية دولار بالين الياباني .,neutral
9903,اه عملنا . رح افرجيك شوي .,positive
9906,بدي شوية حبوب منومة .,neutral
9910,رح اكون هون للساعة تسعة . اتمني انك تمسك المجرم باسرع وقت .,negative
9945,أنا متأكد انو المجرم قريب.,negative
9948,عشرة طوابع لو سمحت.,neutral
9949,عندي احتقان بحلقي .,negative
9955,بدي شوية هدايا تذكارية من نيويورك.,neutral
9969,انا طالع، ممكن تطلع حمال؟,neutral
9979,ساعتي وقفت .,neutral
9983,اوه، جد؟ كيف بتحبه؟,neutral
10006,احنا بنفتح الساعة تسعة الصبح .,neutral
10032,بدي كتاب تلوين.,neutral
10037,اتوقع انو عندي دوار الجو .,neutral
10043,لازم اروح على بنك ياباني؟,neutral
10045,لازم تحول المصاري بالبنك .,neutral
10065,في كثير وقت للطلعة؟,neutral
10069,زوجك واحدة من أحسن عملائنا.,positive
10078,بتعرف دكتور اسنان منيح؟,neutral
10084,اوه . لازم تحكي للقنصلية هلا .,neutral
10091,مخلوط مش مخفوق .,neutral
10098,بتحب الطاول تكون بالمطعم الرئيسي و لا بغرفة، سيدي؟,neutral
10102,في ناس كثير بيروحو على الشاطئ خلال الموسم .,neutral
10107,وزني حوالي مية و خمسين رطل .,neutral
10111,وين لازم انقل؟,neutral
10114,وين مكتب المفقودات؟,neutral
10116,في اي باص بيروح هناك مباشرة؟,neutral
10125,بحتاج معاملة خاصة؟,neutral
10129,هاد رح يكون كاش ولا شحن؟,neutral
10134,انتقلنا على هاد البيت من سنة .,neutral
10155,قديش بدها وقت حتى اخذ الفيزا؟,neutral
10156,وين الحمامات؟,neutral
10160,المبلغ الإجمالي هو ميتين و ثلاثة و اربعين جنيه، يا مدام.,neutral
10164,هاي هدية . بتقدر تغلفها بورق هدايا حلو؟,positive
10182,شو هالمنظر . المسارات بيجننو .,positive
10187,في ناس مصابين .,negative
10191,لو سمحت . وين المحطة القريبة من هون؟,neutral
10224,اه، عنا حجز الك .,neutral
10238,لو سمحت، بس انا بدي اروح على الفندق تبعي بالمدينة بالباص . من وين بقدر اخذ باص؟,neutral
10243,جاج، لو سمحت .,positive
10257,هاي الغرفة اثنين صفر واحد . بدي اطلب فطور بكرا .,neutral
10272,شو رأيك بالتحرش الجنسي بمكان الشغل؟,neutral
10318,عندي اختين .,neutral
10336,رحلة رقم اثنين صفر ثمنية، ل طوكيو .,neutral
10354,بعدين خلينا نحط الحشوة جوا .,neutral
10366,خلينا نروح مع بعض حتى نناقش هاد كمان .,neutral
10372,كيف بتحب ينعمل شعرك اليوم؟,neutral
10403,بتقدر تحكيه بكلمات ثانية؟,neutral
10408,رح اعمل بشو ما معك .,neutral
10411,بدنا طاولة قريب من المسرح .,neutral
10416,أنا منيح . طيب، رح تروح على مكان؟,neutral
10433,ارتفاعه الفين و اربعمية متر.,neutral
10435,فوت . لو سمحت حطها على الطاولة هناك.,neutral
10440,لو سمحت، الغي رقم بطاقتي .,negative
10468,انا اسف، همه خلصو . بس رح نجيب منهم بعد كم يوم.,neutral
10473,بقدر اهذ شوية قهوة؟,neutral
10477,ما عندي موعد، بس هيه ضروري .,neutral
10479,هاد مصنوع بضعف .,negative
10480,وين السلالم المتحركة؟,neutral
10497,عندك بروشور للنشاط؟,neutral
10500,وين مدخل مترو الانفاق؟,neutral
10504,ضيعت تذكرتي الطيران .,negative
10559,ما بتقدر تضل هون بالعطلة؟,neutral
10562,اوه، انا كثير اسف لازعاجك .,negative
10563,بتقدر تحجز انشطة؟,neutral
10565,في حمام عام قريب من هون؟,neutral
10590,قديش المجموع؟,neutral
10593,هاد كثير منيح، هلا الاسئلة لو سمحتو .,positive
10599,معاك فكة لعداد الموقف؟,neutral
10617,اعلى مبيعات عنا باخر اربع سنين هو الة التصوير ايه اكس اربعمية وخمسين.,positive
10645,الف شمال؟,neutral
10662,في اي مضيفات بيحكو ياباني؟,neutral
10670,سعر رائع، صح؟,positive
10680,لازم توخده تسعة و تسعين مرة باليوم، قبل الوجبة .,neutral
10707,انا فعلا بحبه .,positive
10733,بدي ثلاثي.,neutral
10736,بدي جكيت رياضة .,neutral
10749,بتقدر تضل ببيتي .,neutral
10753,بقدر اتركى على كرسيي، لو سمحت ؟,neutral
10756,ممتاز . كنت بدور على تكسي، بس هاد احسن .,positive
10760,كبوت بيجنن . صناعة بريطانية؟,positive
10778,بدي اروح على مركز هارفرد . بتقدر تحكيلي متى بنوصل هناك؟,neutral
10790,بالغين ثنين و طفلين، لو سمحت .,neutral
10817,قديش السعر؟,neutral
10824,حرب النجوم حقق أكبر نجاح بالالف و تسعمية و اربعة و ثمانين .,positive
10830,وين قسم غير المدخنين؟,neutral
10831,"ال ""ت"" زي توم، اه عندي اياها هون، يا تارو .",neutral
10848,باعتقادي منظر طبيعي خلاب .,positive
10851,بدي شوية تفاح، لو سمحت .,positive
10869,ل أي اشي يستعمل؟,negative
10882,شو نوع بطاقة الائتمان اللي بتقبلها؟,neutral
10922,عندي وقت كثير .,positive
10930,طيب، هاد وقت الغدا . بتحب تناقشو خلال الغدا؟,neutral
10937,مسجل الفيديو انسرق من غرفتي .,negative
10950,مرحبا، اسمي أودا. عندي حجز هاي الليلة، بس رح اوصل شوي متأخر . عشان هيك لو سمحت خلي حجزي .,negative
10953,هاي الاحذية قوية؟,negative
10955,لو سمحت احكيكلو انو بستنى تلفونو .,neutral
10964,بيحكو انو الانفلونزا منتشرة هناك .,neutral
10973,جوا.,neutral
10975,انا اسف . احنا فل بكرا بالليل .,neutral
10976,انا مع صحابي .,neutral
10985,حسب غورو، السيد يمادا عندو طفلين .,neutral
10994,بتقدر تحكيه مرة ثانية؟,negative
10997,بدي الف لبرج لندن .,neutral
11019,لو سمحت اربط حزام الامان تبعك .,neutral
11027,رمز المنطقة هوه ثلاثة. رقم التلفون هوه اثنين ثلاثة أربعة ثلاثة أربعة صفر صفر.,neutral
11030,لو سمحت . في اي جسر قريب من هون؟,neutral
11041,لو سمحت . بدي استخدم الحمام .,neutral
11046,مشغول .,neutral
11047,لبسه دايما عالموضة .,neutral
11054,عندك اكل بحري؟,neutral
11057,هاي كثير غالية .,negative
11058,بدي، بس اسف ما اقدر اعملو المرة هاي .,negative
11064,طيب، لسه ما بعرف، بس اكيد رح احاول .,neutral
11069,ملح، لو سمحت .,positive
11082,لو سمحت استخدم غرفة الغيار هناك.,neutral
11100,تسعين دولار لتذكرة اتجاه واحد. كاش و لا بطاقة؟,neutral
11109,بتقدر تنظفلي الطاولة، لو سمحت ؟,neutral
11123,كيف بيربي الاباء اليابانين ولادهم؟ همه صارمين مع ولادهم؟,neutral
11126,بتقدر تحكيلي ساعت الشغل؟,neutral
11131,لو سمحت لفهم منفصلين .,neutral
11161,حاس معدتي ثقيلة .,negative
11171,شكلو منيح . وين بنقدر نستناك؟,positive
11174,بنقدر نبلش لعب بس يخلصو؟,neutral
11190,عدد سكان اليابان حوالي مية و عشرين مليون .,neutral
11197,عبي النقاط التالية على بطاقة التسجيل .,neutral
11199,بقدر ارجع اشياءي؟,neutral
11240,عندك سكارفات من حرير؟ بدور على هدية لمرتي .,neutral
11246,رح نجيبه هلا . قديش رقم غرفتك؟,positive
11264,السيد كوباياشي كان بيدور عليك .,neutral
11267,بدي اسافر من شنجهاي ل هاواي بالسفينة .,neutral
11278,بتقدر ترسلي حدا؟,neutral
11282,بتقدر تجهزو على الخمسة المسا بكرا؟,neutral
11302,بياخد عشر دقايق مشي .,neutral
11316,قبل ما نسميه يوم، بتقدر تعطيني كم دقيقة من وقتك؟,neutral
11325,وين بقدر اصف سيارتي؟,neutral
11336,بردان و معدتي كثير بتوجعني .,negative
11342,سكوتش و مي، لو سمحت . و عندك اي اشي وجبة خفيفة؟,neutral
11343,كيف بقدر اطفي هاد الضو؟,neutral
11360,هو مشغول كثير اليوم؟,neutral
11374,بدي شوية خيط.,neutral
11375,اعطيني شهادة طبية، لو سمحت .,neutral
11378,بدي تقصره انش واحد من هون .,neutral
11392,حاس حالي مش منيح . لو سمحت اعطيني دوا .,negative
11403,بقدر اخذ جريدة يابانية، لو سمحت؟,neutral
11404,طيب بقدر احط السيارة بأي مكان؟ شو تكلفة حطتها؟,neutral
11412,شو الباص اللي بريوح على وسط المدينة؟,neutral
11420,في اي اكسبريس ل بوسطن؟,neutral
11435,لو سمحت كون صديقي بالمراسلة.,positive
11438,رح اضل مع صاحبي .,neutral
11442,انا كثير متحمس، مش قادر اقعد .,negative
11449,بقدر انزل عند فندق هيلتون؟,neutral
11450,بدي منك تقيمه .,neutral
11457,روح شمال على هاد الشارع بعد خذ اول يمين .,neutral
11462,بدي اعرف اذا ممكن اشحن هاي الصحون لطوكيو .,neutral
11467,بدي شوية قة للجسم .,neutral
11478,في اي اكل مش حار كثير و مبهر؟,neutral
11479,قريبة بشكل كافي للمشي؟,neutral
11491,بدي كريم ايدين .,neutral
11493,بتقدر تناولني الملح؟,neutral
11500,بدي اروح على وول ستريت . كيف اوصل هناك؟,neutral
11541,التمارين الكثيرة رح تضرك .,negative
11544,شامل الفطور، الضريبة و رسوم الخدمة . رح يكون خمسة و اربعين دولارا للشخص الواحد ب الليلة الواحدة.,neutral
11550,بتقدر تصلح هاد؟,negative
11574,مسا الخير، مرحبا .,positive
11576,مش ملاقي الشناتي تبعك.,negative
11595,روح دغري، لو سمحت .,neutral
11600,هاي المي امنة للشرب؟,neutral
11622,ااهاا، ياللاه . دولارين بس.,neutral
11626,بتقدر تغير لو سمحت هاد الفستان لنمرة وحدة اكبر؟,neutral
11631,طيب، خلينا نروح . بقدر اساعدك بالواجب بعد ما نوكل بيتزا .,positive
11633,اه، سيد تاناكا . في رسالتين الك .,neutral
11643,ما ناسبتني .,negative
11646,بكرا يوم ثاني .,positive
11663,يمكن بقدر اساعدك . بدك فيتامين سي؟,neutral
11689,محفظتي انتشلت مني على القطار .,negative
11704,كثير بعيد . احسن خذ تكسي .,negative
11708,بدي كرسي عند الممر، لو سمحت .,neutral
11709,بعيش بشقة بثمن تالاف ين بالشهر .,neutral
11714,ممكن اقاطع؟,neutral
11720,فرجيني وحدة اوسع .,neutral
11734,لو سمحت . عندك مانع تبدل الكراسي معي؟,neutral
11746,اه، اكيد .,positive
11751,روح تحت على الزاوية و لف شمال على الاشارة الضوئية .,neutral
11754,بدك لفات اصغر و لا اكبر؟,neutral
11767,بدي غرفة مفردة مع حمام ب ثمانين دولار، لو سمحت .,neutral
11800,بدي احط اشياءي الثمينة بخزنة الفندق .,neutral
11817,عندك غرفة فاضية الليلة؟,neutral
11821,اه، بس كون متأكد انو التذكرة تكون معك .,neutral
11862,بس عدد قليل من الناس رح ينضمو للجولة الاختيارية .,neutral
11872,مش مهم، على كل حال، لو سمحت خذني للقرية الصينية، رح احاول الاقيه لحالي .,positive
11879,ناس جداد تعينو بشهر اربعة .,neutral
11880,اتمنى هيك .,positive
11885,اثنين سكوتش ومي، لو سمحت .,neutral
11901,مين بيلعب؟,neutral
11913,بتقدر تحكي معي اذا لقيت شنتتي؟,neutral
11916,شمال، لو سمحت .,neutral
11932,ممكن توقف معي بالصورة؟,neutral
11938,لا . بتحب تبلغ عنه؟,neutral
11949,السن هاد اللي قدام بيوجع .,negative
11959,شو احدث لعبة كمبيوتر لعمر خمسطعشر سنة؟,neutral
11972,رح نشوفك بكرا .,positive
11973,في مطعم سعره اقل قريب من هون؟,neutral
11975,لا، بس شكرا الك . حاس حالي احسن .,positive
11976,عندك خبز؟,neutral
11977,كيف انت منيح على الكمان؟,positive
11990,صاحبي زحلق و وقع بالحمام .,negative
11991,بقدر اخذ مكتة؟,neutral
11997,المسيحية انحظرت و الدولة سكرت عن باقي العاليم .,negative
12005,قديش بدك؟,neutral
12012,كوكتيل روبيان الها و نفس الشي الي .,neutral
12033,بقدر اخذ توقيعك هون؟ و وقع باسمك الاول .,neutral
12035,كان من دواعي سروري انو ازور مكاتبكو الرئيسية و اتناقش باشياء مهمة معك . شكرا كثير على تعاونك .,positive
12054,شخيرك مزعج .,negative
12056,مع هيك انا ما بحب اللون . بقدر ارجع هاد؟,negative
12057,اطلع من هاد الباب هناك، و استنى عند نقطة التوقف ستة .,neutral
12060,جاج مشوي، لو سمحت .,positive
12069,بقدر اخذ شوية فلفل؟,neutral
12074,اه، بدي اشي اقرأو .,positive
12101,معك السيد تاكاهاشي بغرفة خمسة تسعة وأربعين. ممكن تبعث اربع قناني بدوايزر بيرة، لو سمحت؟,neutral
12131,هي سبعين دولار .,neutral
12140,لو سمحت اتصل علي على الفندق بس تلاقي شناتيي .,neutral
12150,بدي مكالمة حتى اصحى على الساعة ثمنية و نص بكرا الصبح، لو سمحت .,neutral
12167,اه، بس هيك كثير و انا فعلا فل .,neutral
12172,بدي غسول للثم .,neutral
12173,مش حاس حالي منيح .,negative
12182,بتعمل تخفيضات بالجملة؟,neutral
12193,طوكيو صفر ثلاثة أربع تسعات أربعة خمسة ستة سبعة.,neutral
12240,بتقدر تساعدني الاقي حديقة الحيوانات ؟,positive
12246,تحكيلي كيف اعمله؟,neutral
12247,تقريبا اي ساعة بتخلص جولة الباص؟,neutral
12254,بتعرف كيف استخدم التلفون؟,neutral
12259,اكيد . عنا العلامات اللي بنحط بالكتاب أمريكية أصلية منيحة.,positive
12298,مشغل مكالمات بيحكي ياباني، لو سمحت.,positive
12331,احنا مهتمين بالازياء .,positive
12333,بتقدر تعطيني خيط ؟,neutral
12345,هادي عيادة اف؟,neutral
12364,مرحبا انسة ياماغوتشي؟ الشخص اللي بتتصلي عليه على الخط . مكالمتك انقبلت، تفضلي، لو سمحتي .,positive
12391,من وين بقدر اشتري تذكرة قسيمة الرفع؟,neutral
12396,شو الوقت اللي رح نوصل فيه ل لوس انجلوس؟,neutral
12403,امشي دغري حوالي خمس دقايق، بعدين لف شمال .,neutral
12416,هاي هيه الطريق للشاطئ .,neutral
12420,شاي الاعشاب هاد بيعمل تجديد للجسم .,positive
12421,هاي مش مصنوعة باليابان، صح؟,negative
12443,طيب . من هاي الطريق لو سمحت . رح افرجيك غرفتك .,neutral
12479,لازم اطلع من الفندق قبل الضهر .,neutral
12495,اثنين من الهامبرغر واثنين من القهوة، لو سمحت . بدي اطلعهم .,neutral
12510,بقدر احمل هدول الشنتيتين؟,neutral
12527,طلبت لحمة، مش سمك . بتقدر تغير هاد؟,negative
12546,ابني تعبان على الاخر .,negative
12551,انا مريض للمعدة .,negative
12556,هاد الجكيت مش من حجمي .,negative
12557,بدي اجتمع مع السيد ويليام .,positive
12560,فيه مجموعه من سبع فيتامينات و معادن .,neutral
12562,السن رخو .,neutral
12589,بقدر اخذ اعادة المصاري بس ارجع لليابان؟,neutral
12599,من شو مصنوع هاد الطبق؟,neutral
12603,بأي بلد معمول هاد؟,neutral
12608,بتقدر تعمله بعضر دقايق؟,neutral
12611,انا مش شاطر بالانجليزي . في اي حدا هون بيحكي ياباني؟,negative
12615,من وين بقدر اخذ قطعة المترو؟,neutral
12638,رح ينبعثلك عشرين عينة اضافية .,neutral
12644,ما اتوقع انو الي، لانو بشرتي نوعا ما جافة .,negative
12650,بقدر اخذ الجدول، لو سمحت؟,neutral
12658,اه، اتوقع اني رح استنى .,positive
12671,تسعة و تسعين ساعة لكل طفل .,negative
12672,انا اسف، احنا خلصنا .,negative
12677,لازم يكون هادي .,neutral
12678,معاي معداتي .,neutral
12679,مفتاح الغرفة، خمسة صفر ثلاثة، لو سمحت.,neutral
12699,اي ساعة رح ينعرض ترمينال مان؟,neutral
12701,وين مصفف الشعر؟,neutral
12708,على الساعة السابعة، لو سمحت.,neutral
12712,شنتتي اتدمرت.,negative
12713,سياحة.,neutral
12732,جاي من اسبانيا.,neutral
12750,ففي اشي غلط ببطاقة المفتاح . ممكن تعطيني وحدة ثانية، لو سمحت؟,negative
12755,في طفع جلدي على ايدي .,negative
12761,بريد جوي لليابان، لو سمحت.,neutral
12766,وين اقرب كيميائي؟,neutral
12770,كمان نبيذ، لو سمحت .,positive
12773,الناس وديين كثير .,positive
12776,كم مشروب مشمول بالسعر؟,neutral
12777,انت عملتها .,positive
12782,وين بوابة الصعود لهاي الرحلة؟,neutral
12790,اذا في مجال، بتقدر تحجز طاولة عند الشباك؟,neutral
12805,اعلان انو نطلع على الطيارة انحكي؟,neutral
12810,احنا على ارتفاع اطنعشر الف قدم .,neutral
12820,اول اشي، بدنا نشوف وول ستريت .,neutral
12822,وين محطة الباصات في أكسفورد؟,neutral
12823,رح استنى حتى يصير في مجال على الترس .,neutral
12835,بنقدر نشوف محافظ جلدية؟,neutral
12861,خلينا نحضر تلفزيون . في لعبة بايسبول شغالة .,neutral
12878,رح تكتب عنوانك هون؟,neutral
12884,لو سمحت احكيلي وين اقرب صيدلية.,neutral
12903,لفندقي، لو سمحت . هي عنوان الفندق .,neutral
12905,كم عدد المحافظات مع طوكيو؟,neutral
12917,سكر و استنى شوي لو سمحت .,neutral
12936,شو بتعمل بالبيت بالعادة بعد العشاء؟,neutral
12941,اكيد . متى بتحب تلعب غولف؟,neutral
12945,حكت انها رح تكون بالبيت على الساعة ثلاثة .,neutral
12952,أريد أن أسمي السفارة اليابانية.,neutral
12968,أكثر شوي.,neutral
12969,من وين بيطلعو باصات المعالم السياحية؟,neutral
12973,قديش تكلفة ارسالها لليابان؟,neutral
12976,ما عندي اي نوادي او احذية .,negative
13015,الين الياباني بيمشي؟,neutral
13022,عندك موستانج؟,neutral
13027,رح نط من هون؟,neutral
13069,السيد كاواي، عنا طاول الك هلا . تعال من هون، لو سمحت .,neutral
13072,اكيد . انزل على الدرج اليمين هناك، بعدين رح تشوف اشارات . بس ضل معاهم .,neutral
13075,مكتب الاستقبال. بقدر اساعدك؟,neutral
13076,بتقدر تنزلني بفندق هيلتون، لو سمحت؟,neutral
13077,بالعادة بتشتغل لوقت متأخر؟,neutral
13090,اسف كثير، بس ما ضل عنا . شو بالنسبة لوراق الانجليزي؟,negative
13095,طاولة لغير المدخنين، لو سمحت.,neutral
13096,ممكن تحكيلي قبل ما نوصل ل دورهام؟,neutral
13113,هاد جديد؟,neutral
13116,مش صح . انت كنت دايما كنت تعالجني .,neutral
13118,بتقدر تفرجيني شوية فساتين؟,neutral
13126,هجئها، لو سمحت .,neutral
13133,انا سكران مع النبيذ .,neutral
13134,رعاية حيث أن الطقس هو قابل للتغيير جدا على الجبال.,neutral
13159,شيك سياحي وين ياباني، اوكيه؟,neutral
13162,آسف، شيكت مع خدمة الغرف وقسم المفقودات . مش عندهم.,negative
13172,مكان صعب نلاقيه . هيه على طريق صغير من الطريق السريع .,negative
13183,ما بعرف اي اشي عن هيك .,negative
13184,بنقدر نحكي عنه بكوفي شوب.,neutral
13188,أها، بهاي الحالة لازم ما ادفع ثمن التعديلات، صح؟,neutral
13202,راح تنزلني عندك الليلة.,neutral
13262,بتقدر تنزل السرج لو سمحت؟,neutral
13264,رح تنزلني عندك الليلة؟,neutral
13267,اوك . رح اخذ ثنتين . شكرا الك .,neutral
13268,هي فاتورتك. ثلاثمية وسبعة وتسعين دولار.,neutral
13269,انت محظوظ.,positive
13287,لو سمحت خلي الطاولة مع منظر حلو الليلة .,positive
13290,هام مصنوع الي و لا مصنوع يدوي؟,neutral
13291,بدي استأجر هاي السيارة لمدة اربعة و عشرين ساعة .,neutral
13306,كانت فرصة جدا سعيدة .,positive
13322,ممزع.,negative
13333,طيب هلا، خلينا نتفرج عليك .,neutral
13347,طيب، فكر ان المدة اللي وظيفته رح توخدها رح تكبر اذا سأل كمان سؤال لكل شخص . يلا خلينا نستعجل و ناخذ الشناتي تبعنا . ولازم نروح على اجراءات الجمارك بعدها.,neutral
13396,قديش الوزن؟,neutral
13399,في مطعم صيني قريب من هون؟,neutral
13407,رصيف خمسة هناك .,neutral
13408,متى بتبلش لعة كرة القدم؟,neutral
13423,هيه برا الطلب . بتقدر تشيك الكاميرا تبعتي؟,negative
13424,قهوة مع كريما وسكر، لو سمحت.,neutral
13436,اتوقع انو في اخطاء بالفاتورة .,negative
13438,لو سمحت اعطيني هديك .,positive
13440,هاي بوابة سبعة .,neutral
13444,انت اسكتلندي؟,neutral
13446,ثلاثة-اثنين-واحد-اثنين. استنى ثانية، تمام؟ بدي ارسلك اشي هون، لو سمحت.,neutral
13471,مية وخمسة وثلاثين ين لكل دولار.,neutral
13476,التنانير القصيرة و البوتس ما رح يبطلو موضة .,neutral
13477,بقدر احكي مع المدير؟,neutral
13480,ليش اجرتك بتختلف عن العداد؟,neutral
13484,بقدر اشوف هاد؟,neutral
13487,وعدت حالي بس اشوفك، بدي اتعرف عليك .,positive
13488,شو اللي بصير بوقت متأخر ؟,neutral
13492,مش حاس حالي منيح . بتقدر تنصحني بدكتور؟,negative
13504,الطرف الثاني عالخط . تفضل.,neutral
13515,في عرض ارضي؟,neutral
13528,الحمام مش نظيف .,negative
13532,قديش بياخذ وقت من هون لسيتي هول مشي؟,neutral
13547,خذ هاد الدوا بعد كل وجبة بس يوجعك كثير .,neutral
13550,حطيت المصاري بمغلف مزين و للي بنسميه شوجيبوكرو .,neutral
13553,في حدا انصاب .,negative
13609,مش عارف شو اجيبله؟,neutral
13624,عندك خريطة لمترو الانفاق؟,neutral
13629,عندي غرفة جاهزة الك في فندق غراند. بتقدر تروح هناك؟,neutral
13635,عيني اليمين بتوجعني .,negative
13657,انا مش كثير شاطر بالالماني .,negative
13660,لازم اكيد نجتمع مرة ثانية .,positive
13666,رح تضيق هاد البنطلون؟,neutral
13682,بقدر استعير مضرب و طابات؟,neutral
13685,بتقدر تحط شوية فكة؟,neutral
13694,بقدر اخذ نص ابريق؟,neutral
13707,مرحبا. أنا يونيو.,neutral
13717,ناكاي.,neutral
13719,عندك مانع اخد صورة الك و ل التكسي تبعك؟,neutral
13733,اتصلت عشان الشنتة الضايعة من ثلاث ايام .,negative
13748,بدي فندق ارخص .,negative
13755,اوه، في كثير اشياء لازم تشوفها بقرية جرينويتش .,positive
13769,بالاعمال . عندي اتصالات اعمال هون .,neutral
13783,بتناسب بدلتك .,positive
13784,بتقدر لو سمحت تدير بالك على شنتتي ؟,neutral
13788,كيف بتفضل هاي الفكرة؟ احنا بنقبل شروطك انو نعطيك اشعار قبل ب ست اشهر بس انو النا الحق بالبيع بعد ست اشهر بعد ما يخلص العقد .,neutral
13803,لو سمحت . بتعرف نيويرك منيح؟,neutral
13824,رح نستنى . لو سمحت احكي معنا بس تجهز .,positive
13827,حاب اشوف جراح .,neutral
13828,هدول المكونات طبيعية؟,neutral
13831,بدي اسوق سيارة رياضية .,positive
13843,رمز المنطقة هوه صفر ثلاثة . الرقم هوه ثلاثة واحد اثنين ثلاثة اربعة خمسة ستة سبعة .,neutral
13854,صار معو بر د .,neutral
13856,البرنامج الفرعي رح يكون احسن .,positive
13862,بدي ارسل هاد بالتسليم العام .,neutral
13903,خليني احول هاي المكالمة للشخص المسؤول .,neutral
13913,شو الحجم اللي بدك ايه؟,neutral
13919,اوه، عزيزي . ما كنت عارف انو هدول لسه معي .,negative
13920,عندك مجموعة صندوق لارسال البريد؟,neutral
13921,الطيران بيدفع للفندق و الوجبات؟,neutral
13938,هدول كل شناتيك؟,neutral
13942,كيف بتحب تحكي المكالمة؟,neutral
13946,طيب، غالي . مش مصنوع باليابان، صح؟,negative
13953,بتقدر لو سمحت تعطيني الملح؟,neutral
13966,وين اقرب مطعم من هاد الفندق؟,neutral
13993,بدي شامبو للشعر العادي .,neutral
14008,متى بتتوقع رح تبين؟,neutral
14014,بتمنالك سنة جديدة سعيدة .,positive
14018,بدي سبرايت كبير .,neutral
14043,لو سمحت احكيه مرة ثانية ابطأ .,neutral
14045,لو سمحت . بدي اطلب .,neutral
14059,عنا روبيان و رجل غنم مشوي .,neutral
14069,بدي غلرفة مع اطلالة حلوة .,positive
14074,ثلاث كاسات عصير بطيخ . لو سمحت .,neutral
14086,عندي ثلاث اطفال .,neutral
14088,روح دغري في هاي القاعة بعدين لف على الزاوية الشمال . رح تشوفه على يمينك .,neutral
14089,هيه جولة يوم كامل؟,neutral
14094,قديش بتكلف التذكرة روحة جية ل اكسفورد؟,neutral
14098,بروح نادي رياضي كل يومين.,neutral
14099,وين بقدر اضل خلال الجولة؟,neutral
14104,اي ساعة وقت الطلعة؟,neutral
14108,قديش تكلفة الدليل لليوم الواحد؟,neutral
14120,وين بقدر الاقي السي دي؟,neutral
14147,لو سمحت . انا طالب كلية من اليابان . انت طالب جامعة نيويرك؟,neutral
14150,بتقدر تحكيلنا كيف قيمت هاي الخطة؟,neutral
14167,اكيد، بتعرف محل تسجيل قريب من هون؟,neutral
14168,كاش و لا شحن؟,neutral
14174,بشتغل لشركة تجارة .,neutral
14175,مش مؤدب انو نسأل الناس قديش بوخدو .,negative
14184,هدول ليفايز خمسمية و واحد اصليات؟,neutral
14195,اي ساعة بقدر اتحمم؟,neutral
14198,مش مبين انو عمرك اكثر من واحد و عشرين سنة .,neutral
14219,اها . صراحة، الفيلم هاد سرعته عالية . عندك مانع انو تطلعو؟,positive
14224,اشتريه بس هلا .,neutral
14232,رح اجيب واحد حالا .,positive
14235,ثمنية دولار . و هلا بيجي واحد .,neutral
14242,لو سمحت اعرضها شروط الشراء للجمارك بالمطار .,neutral
14261,في اي محلات شاملة عندهم تخفيضات هلا؟,neutral
14265,مشغل المكالمات، اعطيني محطة الاطفاء .,neutral
14266,بطارتي رح تخلص .,negative
14289,وقف على اتقاطع الجاي .,neutral
14292,اوه، هيو . و كل حدا لازم يعبي نموذج البيان الجمركي هاد؟,neutral
14304,بقدر اخذ اسمك لو سمحت؟,neutral
14306,عندك مانع اعمل مكالمة على حساب الطرف الثاني؟,neutral
14311,مرحبا، كيفك؟,positive
14317,وين قسم السفر؟,neutral
14336,شو اسم الشخص اللي حاب تحكي معو؟,neutral
14347,انا اسف، هوه مش بهاي اللحظة .,negative
14363,شوف هاد . اتطلع هاد . رح تحكيلي الاختلاف بين هاد الشب و هداك الشب هوه الحظ؟ محمد وقف. بتقدر؟ اذا ما عندك مانع انزلك هون . انا متأخر، صديقي . فرصة سعيدة، اوك؟,neutral
14373,غرفتك بتطل على القرية؟,neutral
14389,في رسائل الي؟,neutral
14400,لسه غالي كثير . ما بقدر اخده بثلاثة دولار؟,negative
14402,بدنا غرفة بالاخر .,neutral
14403,رح اخد كاسة نبيذ .,neutral
14416,طالعة حلوة .,positive
14426,بدي غرفة مزدوجة . قديش تكلفة الغرفة بالليلة؟,neutral
14434,بعيد حوالي تسعة و تسعين ميل .,neutral
14441,فينس و ليندا حابين يضلو لحالهم، عشان هيك اسف لازم اضل هون الليلة .,negative
14444,لو سمحت خلي الشناتي مربوطة.,neutral
14448,اسمي ساتو .,neutral
14457,بعرف نادي جاز قديم بوسط المدينة .,neutral
14459,رح اخد هاي الوجبة الثابتة.,positive
14462,حاب اجرب نفس الطبق هداك .,positive
14475,بعدين رح نوخده .,neutral
14477,هاد بيروح على الطابق السادس؟,neutral
14478,بشرة حساسة؟,neutral
14483,لو سمحت حطه بشنتة غسيل و اتركه هناك .,neutral
14484,حاب اخد هاد الفيلم مطور . متى بيجهز؟,positive
14495,لو سمحت ما تعطي هاد المفتاح لأي حدا ثاني غيري .,negative
14500,اوك . رح اخدك من فندقك على الساعة ثمنية .,neutral
14502,الشباك منيح .,positive
14505,خلي تسريحتي لتحت، لو سمحت.,neutral
14507,كل تكاليف المواصلات مشمولة؟,neutral
14509,بيت اوبرا ميتروبيلتون .,neutral
14514,وين مكتب اجر-سيارة؟,neutral
14519,علي حرارة من ليلة مبارح .,positive
14520,هاد مش ذوقي بالاكل .,negative
14530,شو الخضرا اللي عندك؟,neutral
14531,بدي كيرلي خفيف، لو سمحت .,neutral
14534,متى رح يجي الدكتور؟,neutral
14537,هاد اللون الغلط .,negative
14538,السن انخلع .,negative
14542,هاد كرسي اللي على الممر و لا الشباك؟,neutral
14557,انا بالمشي لمسافات طويلة .,neutral
14564,بتقدر توصل اغراصي للغرفة؟,neutral
14573,فرجيني واحد لست صغيرة .,neutral
14590,بتقدر تسحيو لهون؟,neutral
14593,عنديك اي اشي بحوالي ثمانين دولار بالزبط؟,neutral
14605,انا عطشان .,negative
14612,من غير حليب، لو سمحت .,neutral
14683,معي ثلاث شناتي .,neutral
14685,وين البحيرة؟,neutral
14693,لو سمحت. اكبس على كبسة التصوير، لو سمحت.,neutral
14709,بقدر اخذ مجلة او اشي؟,neutral
14718,الجنوب .,neutral
14721,قديش حق كراسي البلكونة؟,neutral
14734,بدنا غرفة بتطل على البحيرة .,neutral
14737,في اي صناديق بريد قريبة من هون؟,neutral
14757,تمام . رح اخدك هناك .,positive
14761,الجزء المكتوب بالمايل بيشير للتغييرات اللي صارت بتسعينات القرن العشرين.,neutral
14763,عمره ثلاثين سنة .,neutral
14777,تمام . بتقدر تكتب العنوان كمان مرة على المغلف؟,neutral
14783,بدي اروح على هاررودس. بتقدر ترسملي خريطة، لو سمحت؟,neutral
14786,شو بتعمل لما يكون عندك وقت فراغ؟,neutral
14789,عندك بطاريات لهاي الكاميرا؟,neutral
14805,بدي وصلة للتصوير عن بعد.,neutral
14807,انت الاخير بهاد الخط؟,neutral
14810,اتوقع انو مبالغ فيه .,neutral
14813,ضربة كويسة . بس برا .,positive
14818,بتقدر تحكيلي الاماكن الحلوة هون؟,positive
14820,في اي محلات شاملة قريبة من هون؟,neutral
14854,وهيك عملت .,neutral
14862,حاب انضم من سان دييغو .,neutral
14863,كنت بفكر اخد هداك الكورس الفصل الجاي .,neutral
14887,النبيذ مش بارد كفاية . بتقدر تبرده اكثر؟,neutral
14901,بتقدر تغير هاد الحلق ل كليبسات؟,neutral
14903,شو اكثر اشي مهتم فيه حاليا؟,positive
14905,بدي ارجع . بقدر استرجع مصاريي؟,neutral
14926,احتمال اني ما اقدر اشرب زي هيك باي مكان ثاني .,negative
14933,اذا اشتريت هاد كمان، رح يكون المجموع معفي من الجمارك .,neutral
14952,بقدر اشوف شهادة التطعيم، لو سمحت؟,neutral
14960,بتسافر كثير؟,neutral
14969,انا جاي من امريكا .,neutral
14976,عندي تذكرة جوية لسان فرانسيسكو .,neutral
14998,اذا كانت بس خمسطعشر دقيقة من المحطة، رح امشي .,neutral
15019,بدي فندق ارخص شوي .,negative
15020,بوناسي شكلو زي هواية واحد قديم .,neutral
15024,ما قررت لسه . بتقدر تعطيني وقت كمان؟,neutral
15025,راسي بيوجعني .,negative
15036,بتحب تنضملي لقهوة؟,neutral
15037,بدي شهادة طبية وصفة طبية للتاأمين تبعي .,neutral
15046,اوه، لا . لو سمحت ااستعجل . احنا متأخرين .,negative
15051,ما بدي اصرف اكثر من عشرين دولار .,negative
15062,ليش الطيارة لسه ما طلعت؟ احكيلي ايش في .,neutral
15073,قديش حق الاجرة؟ ممكن تكتبلي الاجرة على ورقة؟,neutral
15083,بدي استأجر كرسي سطح السفينة .,neutral
15087,استنى دقيقة، لو سمحت .,neutral
15088,لازم الستات يلبسو رسمي؟,neutral
15095,لا تلمسني .,negative
15109,معك سيجارة؟,neutral
15123,اذا الرياح مش كثير قوية، بنقدر نروح لتيكي بوينت.,neutral
15126,رائع .,positive
15133,رح اسكر هلا . شكرا لانتباهك .,positive
15145,عندك منها بألوان ثانية؟,neutral
15149,مين هاد؟,neutral
15157,لو سمحت . بتقدر تحكيلي وين موقف التكسي؟,neutral
15170,و للشرب؟,neutral
15181,هيو .,neutral
15201,وين اقرب مخزن للاجهزة؟,neutral
15206,همم . ما اشتغل، صح؟ بتقدر تغير لكرسي فاضي، اذا بتحب .,negative
15221,بدور على هاي .,positive
15240,تمام سيدي . و شو بتحب تتحلى؟,neutral
15246,عرباية عادية ولا بولمان؟,neutral
15247,شيكات سياحية . شكرا . هي تذكرتك و وتذكرة صعود الطيارة تبعك . كون هناك، يو سمحت، ساعة قبل الرحلة .,neutral
15257,بيوجع كثير .,negative
15259,الاسم هو جورو موتوياما . و الرقم صفر ثلاثة ثلاثة اثنين ستة واحد اثنين اربعة تسعة خمسة .,neutral
15262,حاص حالي كثير مريض .,negative
15274,"شو اوقات عرض ""كوسيز لاف""؟",neutral
15283,تمام . بتحب توخد قهوتك هلا و لا بعدين؟,neutral
15292,احكيلي عن احسن نادي ريغي ب نيويورك.,positive
15295,بأي طريقة بتختلف منتجاتك عن منافسيك؟,neutral
15296,عادي انو ما حدا بسمع لتعليمات الامان؟,negative
15319,الشارع الخلفي خطر؟,negative
15320,اه . لو سمحت خذ الاجراءات الضرورية .,neutral
15323,اه، بس واحد . متى رح اعرف؟ كيف رح يتم تعويضي؟,negative
15331,هي هويتي .,neutral
15337,احنا بنفضل طاولة جنب الشباك .,neutral
15347,لو سمحت احكيلي عن ارخص طريقة حتى اروح على سان فرانسيسكو .,neutral
15362,بتعرف المطعم، كيويا؟,neutral
15378,اتجاه واحد.,neutral
15380,رح انصح بالقعدة و الاكل المستمر .,negative
15400,في نادي ليلي منيح و فيه عرض فلامينكو؟,neutral
15419,الفتسان كثير حلو .,positive
15431,اجري بيوجعوني .,negative
15436,وين اقرب غرفة غسيل؟,neutral
15443,بتقدر تغير الكراسي معي، لو سمحت؟,neutral
15447,كراسينا منفصلة .,neutral
15452,صراحة، بدي هاد الطرد يكون مأمن كمان .,neutral
15463,الفاتورة اجت مية دولار .,neutral
15464,مخرج الطوارئ محلو قدام، بالوسط و باخر الطيارة .,neutral
15470,تمام، حجزك تم اعادة تأكيده .,positive
15476,الكعب كثير عالي .,neutral
15477,بدنا طاولة على الترس .,neutral
15482,هاد يعني انو الفيلم يمكن ما يكون مناسب للاطفال تحت الخمسطعش . عشان هيك الاهل لازم يوخذو بعين الاعتبار اذا ممكن يخلو الاطفال يحضرو الفيلم .,negative
15487,كيف بدك المصاري؟ لو سمحت عبي هاي الورقة و وقع هون .,neutral
15509,مرات معتي بتوجعني .,negative
15522,عندك اطباق سعراتها قليلة؟ عامل رجيم، هلا .,neutral
15529,ما في دفع ضروري .,neutral
15539,اه، عندي تذكرتين للعمالقة و المهربين .,negative
15546,احنا وحدة من اكثر الموردين للكمبيوترات الصغيرة .,positive
15553,شكرا . و انا كمان . مع السلامة لوقتها .,positive
15564,مجوز مع حمام، لو سمحت .,neutral
15566,وقعت على الدرج.,negative
15575,شو البوزا اللي بتنصح فيها؟,neutral
15577,همم . هاد . اللون طالع حلو عليك .,positive
15598,وين كتب اللغة الاجنبية؟,neutral
15604,شريحتين و سبرايت .,neutral
15607,اعطيني كم سيجارة .,neutral
15610,مش قانوني تفوته على البلد - اسف. طيب، اتوقع انو هاد كل شي .,negative
15652,اه، انا . اتعودو يعيشو قريب مني في كاليفورنيا بس انتقتلت ل فلوريدا من سنتين . و انت؟ بتسافر لحالك؟,neutral
15664,انا مريض .,negative
15666,ابني استوى من الحرارة .,negative
15673,من هاد الحجم، لو سمحت .,positive
15674,درجات من المزايا الثقافية تعطى للفنانين والعلماء المميزين بهاليوم .,positive
15676,انا ياباني .,neutral
15692,هاد كثير غالي .,negative
15699,اه . خذ باص بيروح على كيوتو-ايكي .,neutral
15710,هاي بس للاعضاء؟,neutral
15735,تكلفة الغرفة ست الاف ين بالليلة .,neutral
15763,بقدر اجيب هاي على الطيارة؟,neutral
15775,اوك . كل اللي بدي اعرفه انو العمل رح يدفع بطريقته .,neutral
15784,تمام . بدك شال بيزبط مع هاي؟,positive
15788,ارجع اشحن البطارية، لو سمحت .,neutral
15791,انا جاهز حتى اطلب .,positive
15798,املاح حمام الاعشاب بيخلي بشرتك ناعمة و رقيقة .,positive
15804,اكتب اسم شركة الطيران و رقم الرحلة، كمان .,neutral
15814,جد . اليوم الاحد، و الاحد اسوأ يوم .,negative
15896,اه، هي مشكلة التخلص من النفايات .,negative
15897,بدي من هاد الشكل لوضع خمس اماكن .,positive
15899,عيل كثير عندهم دخل مزدوج .,neutral
15902,"اوه . هاد الفضي نادرة "" القمر و الجرس "" متأكد انو بدك تبدلها؟",neutral
15911,امي و اختي جايين من اليابان حتى يشوفوني . رح يوصلو هون تقريبا على السبعة مسا .,neutral
15942,بروان مشهور كثير السنة .,positive
15950,فكرة كويسة . متى مخطط تيجي؟,positive
15967,اوك . كرسيين، لو سمحت .,neutral
15989,وين السوق؟,neutral
16007,متحمس اجرب بدلتي السباق الجديدة.,neutral
16016,فكرت انكو يا جماعة بتوكلو بس دونت .,neutral
16034,قديش حق تذكرة الدرجة الاولى ل ايدنبيره، لو سمحت؟,neutral
16042,شكلو المصاري اللي اعطيتني ايها عشر دولارت بس .,negative
16046,هلا حكيت مع السيد سميث بغرفة اثنين صفر واحد، بس ما حدا رد . بتقدر تشوف اذا لساتو هون؟,neutral
16061,بدي واحد حديث .,neutral
16070,بشتغل مع شركة نشر .,neutral
16073,بتقدر لو سمحت تعبي هاي؟,neutral
16080,شو هاد الشارع؟,neutral
16082,بتقدر توزن هاي الزمة؟,neutral
16089,ايش بتحكي عن هاد بالانجليزي؟,neutral
16091,ضلك ماشي بالممر، بعدين رح تلافيه على الجهة اليمين .,neutral
16098,بدي اضمن هاد .,neutral
16106,صباح الخير . مكتب الاستقبال، بقدر اساعدك؟,positive
16127,تمام، لو سمحت تفضل.,neutral
16130,نعم، سيدي . انا جاي هون عشان الفطور كل يوم، من الاثنين للجمعه، قبل ما اروح للشغل .,positive
16140,ما في مشكلة .,positive
16141,لو سمحت خليني اخد ثلاثة اثنين ستة اثنين تسعة واحد ثمنية .,neutral
16158,اه، بنقدر نخدمك من السبعة .,neutral
16167,لو سمحت تمدد هون .,neutral
16169,شو هالخدمة السريعة .,positive
16191,يمكن رح يظهر .,neutral
16217,لو سمحت لف شمال على التقاطع الجاي .,neutral
16219,لو سمحت . كيف اروح للبنك؟,neutral
16222,في خدمة باص ل متحف فورد؟,neutral
16227,اه . اسمك و رقم غرفتك، لو سمحت .,neutral
16231,قديش بتوخذ للوصل لليابان عن طريق البريد الجوي؟,neutral
16238,اوك . بشوفك على الثنتين يوم الاحد.,neutral
16258,بدي اروح من نيويورك ل تورونتو .,neutral
16259,السستة انكسر . عندك كمان من نفسو؟,negative
16271,هاد نوعا ما وسخ .,negative
16279,بتقدر تأكيد طلبي؟ وهي تذكرة طيران .,neutral
16291,عندك من هاي لون اخضر غامق؟,neutral
16292,تخذني إلى كانتيربوري وترجعني؟,neutral
16311,بقدر اخد شوكة جديدة؟,neutral
16312,شكرا جزيلا على لطفك.,positive
16335,اسف، احنا ما بنبيع تذاكر للمسرح.,negative
16337,بدي اشوف هاد .,positive
16339,اوه شو لطيف، شو لازم اعمل؟,positive
16344,بدي امدد إقامتي هنا لمدة يومين أطول.,neutral
16351,لو سمحت غير كرسيي .,neutral
16365,عنا روبيان منيح كثير .,positive
16371,قديش رح يتأخر بفتحه؟,neutral
16395,تدخين و لا لأ؟,neutral
16403,غالية كثير بالنسبة الي . ما بتقدر ترخصه؟,negative
16409,انا بفتح الاربعاء الصبح او الجمعة العصر.,positive
16413,ما حجزت .,neutral
16434,لانو الصيف باليابان كثير شوب، و احنا عنا مكيف من ايام زمان .,neutral
16444,بتقدر تحكيلي مع سيارة بكرا ثمنية الصبح؟,neutral
16453,شريرة .,negative
16465,ليش ما نستنى الباص تحت المظلة؟,neutral
16477,تعال، كينجي . خليني افرجيك المكتب .,neutral
16478,اه، مفتوح من التسعة للتسعة .,neutral
16484,ما بقدر انام منيح بالليل .,negative
16487,كيف اثر الركود على الاعمال؟,neutral
16495,عندي موعد ثاني .,neutral
16516,بقدر اخذ خريطة لجولة المدينة؟,neutral
16536,الاشي اللي كنت بدور عليه .,positive
16542,مش فاهم شرحك .,negative
16546,لازم اعمل اتصل . روحة على بوسطن .,neutral
16547,وين احسن مكان للسياحة؟,neutral
16576,هوه دائم؟,neutral
16577,انبسطت كثير .,positive
16581,طيب، بدي وجه صغير زي جوليا روبرت .,neutral
16586,بتقدر توخذ هاي، لو سمحت؟,neutral
16601,المسافرين المغادرين على الخطوط الجوية اي بي سي رحلة سبعة صفر ثلاثة اللي رايحة لطوكيو لو سمحتوا امشوا للبوابة العشرين للإجراءات الحكومية.,neutral
16607,وين محطة الباص تبع بي؟,neutral
16643,الفردي، لو سمحت .,neutral
16653,من وين بقدر اشتري طاولة لبس؟,neutral
16679,بقدر اخذ دليل بيحكي ياباني؟,neutral
16696,بتحب انو اخد صورك؟,neutral
16709,ما خذت هاد الطبق .,negative
16718,جرحت اصبعي . في معقم؟,negative
16723,بقدر اخذ طابع خمس و تسعين سنت؟,neutral
16736,رح اكون هون ثمنية الا ربع .,neutral
16746,بدي شوية عطر .,neutral
16747,بقدر اخذ طاولة وقت؟,neutral
16751,بتروح على مدرسة هون؟,neutral
16758,قديش كان فيه؟,neutral
16760,فندق هيلتون قريب من هون؟,neutral
16769,انا متأكد انو حطيتها بشنتتي الصغيرة .,neutral
16770,ارفع ايدك .,neutral
16771,في اي مطعم بتنصح فيه قريب من هون؟,neutral
16773,اي واحد بتفضل، الغامق و لا الفاتح؟,neutral
16781,بتقدر تحكيلي وين رح نطير؟,neutral
16793,تذكرة النقل، لو سمحت .,neutral
16796,وين في مكان حلو لرحلة يوم واحد؟,positive
16799,بدي شنتة كيلي لون احمر نفس ستايل هاي.,positive
16805,لسه بدك بدك تعمل هاد الجدول؟,neutral
16810,اي ساعة البنك بفتح؟,neutral
16811,حاس حالي مريض .,negative
16819,انا اتخربطت . اذا ما عندك مانع ترسملي خريطة؟,negative
16822,برا .,neutral
16829,خذني على المستشفى .,negative
16833,لازم اجي على المستشفى كل يوم؟,neutral
16837,معدتي بتوجعني .,negative
16839,قديش رسوم البريد حتى ابعث هاي الرسالة لليابان؟,neutral
16842,بدي كاسة شيري .,neutral
16869,بتحتاج حدا ياخدك من المطار؟,neutral
16872,الصعود ببلش على الاربعة و نص عشان هيك كون هناك قبل .,neutral
16878,من ثلاثين ألف ين.,neutral
16879,من وين بقدر اشتري بطاقة تلفون؟,neutral
16888,بقدر ارجعه لقرية مختلفة؟,neutral
16889,مخطط اضل اطنعشر يوم .,neutral
16893,لو سمحت خلي التوب اطول شوي .,neutral
16896,لازم تشوف اخصائي .,neutral
16899,كمان كم دقيقة، .,neutral
16904,مسار رقم اربعطعش .,neutral
16911,ااه، انت عملت؟ اكيد عندك اختيارات كبيرة.,positive
16928,مش لاقيهم بأي مكان .,negative
16936,عندك كراسي فاضية ل لندن؟,neutral
16952,بدي نسخة من تقرير السرقة.,neutral
16955,بعد تقاطع واحد بالشارع.,neutral
16960,بتقدر تعطيني ضو و انت لساتك فيها؟,neutral
16962,هاي السجاير خفيفة؟,neutral
16964,تمام . بالزبط زيو .,neutral
16967,الاكسبريس الجاي خلال ساعة وحدة .,neutral
16976,بدي اطول كمام جكيت الرياضة .,neutral
16992,عندي حجز . هي رقم التأكيد .,neutral
17027,عيد ميلادك قرب.,neutral
17030,القطارات وقفت عشان الإضراب.,negative
17038,بتقدر تصلح هاد؟,neutral
17068,الشارع كان مليان سيارات .,neutral
17079,المبنى الثاني على شمال هداك المبنى الابيض .,neutral
17094,حجزنا مقعد بخمسة وعشرين عشرة وبنطلع على الساعة اهدعش الصبح .,neutral
17097,لا، اكثر شوي من قدام . هون، اه .,neutral
17115,اه، ما بيشمل وجبات الاكل .,neutral
17117,وين بقدر اسدد هاي التذكرة؟,neutral
17120,ليش هيك بصير؟,negative
17149,بدي ارتاح .,positive
17158,سيارتي اتعطلت . لو سمحت تعال و خدها .,negative
17163,بدي شعري اطول شوي من عند الظهر .,neutral
17177,شو الانواع اللي عندك؟,neutral
17179,انا معك . وحدة من الاماكن المفضلة عندي .,positive
17180,شو نوع الموديل اللي ببالك؟,neutral
17204,اسمي ميتشيكو تاناكا، ورقم الرحلة هو خمسة صفر واحد لطوكيو.,neutral
17216,بتقدر لو سمحت ترسملي خريطة بسيطة من هون؟,neutral
17217,وين نتقابل؟,neutral
17222,بدي شعري يكون زي ما كان .,positive
17229,اعطيني خمسين، لو سمحت.,positive
17272,وين بقدر اسجل دخول للخطوط الجوية اليابانية؟,neutral
17280,شو المحتويات؟,neutral
17295,في اي اماكن بالنطقة ينصح فيها؟,neutral
17311,اعطيني شوية فكة، لو سمحت .,neutral
17313,تمام . رح اتأكد انو شناتيك يكونو هون .,neutral
17315,هاد تخصصنا، دوفر سول مشوي .,positive
17339,رح نضل .,neutral
17350,حدا هجم علي.,neutral
17356,تمام . لازم اركزعليه؟,neutral
17381,رح نتشارك .,neutral
17394,ما عنا بالزبط زي هاد الستايل . رح اشيك على القائمة عنا . استنى دقيقة، لو سمحت .,neutral
17398,سكوتش و مي، لو سمحت .,neutral
17399,شكله حلو، قديش بيكلف؟,positive
17414,خذ هاي الوصفة للصيدلية. بتقدر تاخد الدوا من هناك .,neutral
17438,طلبت هاد .,neutral
17453,اه ظ، بتقدر توقف عند اي محطة بين هون و شيكاجو .,neutral
17460,من وين بقدر اشتري هدايا تذكارية؟,neutral
17475,كثير غالي . ما بقدر اشتريه .,negative
17482,بقدر اخذ رقم اي بي سي اند كومباني بشيكاغو، لو سمحت .,neutral
17488,وين الكاتدرائية؟,neutral
17496,كيف بتحب البيض تبعك؟,neutral
17504,هوه جنب هاد المبنى مباشرة.,neutral
17526,لا، أتوقع نسيو يجيبلولنا وحدة.,negative
17537,اوكيه. تم التأكيد. بنقدر ناخد رقم تلفونك، بس بحالة احتجنا نحكي معك؟,neutral
17548,شو اسم الرسام؟,neutral
17559,لازم اتصل فيك مرة ثانية بس يرجع؟,neutral
17593,حاب اخذ هداك .,neutral
17606,انا بحب هاي الخدمة انو الترحيب بالشامبانيا بعد ما نطلع . خليني اشرب في صحتك .,positive
17609,اربعين دولار باليوم بالاضافة ل ثمان سنتات لكل ميل .,neutral
17615,رح اراهن بخمس دولارات .,neutral
17636,هاد مش طلب حدا ثاني؟,neutral
17645,بتقدر تحكيلي كيف اوصل على المتحف؟,neutral
17649,انا اسف كثير، بس بدي أجل الموعد .,negative
17652,بتقدر تنصحني برحلة قصيرة؟,neutral
17660,قطارك رح يتحرك من رصيف ثمنية .,neutral
17673,بدور على شنتة مع حزا بيتعدل .,neutral
17674,بدي تضل تحت المية و ثمانين دولار .,neutral
17739,رح اسألك بعد ما اتفقد حولنا .,neutral
17745,اه . حجز لست ليالي، لو سمحت . بتبلش بشهر سبعة ثلاثة و عشرين .,neutral
17757,بتقدر تفرجيني اشياء ثانية بتصاميم مختلفة؟,neutral
17765,شو نوع العصير اللي بدك ايه؟,neutral
17780,رح تروح على البيت بالعطلات؟,neutral
17782,وين بقدر اشوف اطلالة جد حلوة؟,positive
17786,كان اصلا مكسور بس فتحت الطرد .,negative
17790,تسعة و عشرين ثمنية .,neutral
17797,بدي ارسل هاد بالبريد الجوي لليابان .,neutral
17798,عيد شكر العمال . هوه يوم لشكر كل اللي بيدعمو مجتمعهم عن طريق شغلهم .,positive
17799,هاي الغرفة كثير صغيرة .,negative
17803,ممكن اخذ كمان شاي، لو سمحت؟,neutral
17805,بدي هاد اللبس يتنظف اليوم .,neutral
17808,في بنك قريب من هون؟,neutral
17811,ممكن تنظف الطاولة، لو سمحت؟,neutral
17840,سكين، لو سمحت.,neutral
17841,كلها نصوصو مطبوعة .,neutral
17842,لو سمحت اكتب رقم الغرفة ورا .,neutral
17847,احنا بنستخد عيدان للاكل .,neutral
17852,رحلة دلتا رقم ثمنية و عشرين ل نيو اورليانز رح تتأجل تقريبا ساعة وحدة .,negative
17854,بس ارجع على اليابان، رح اكتب رسالة . اذا عندك وقت، لو سمحت ابعثلي رسالة .,neutral
17855,تركت تذكرة الطران بالفندق .,negative
17861,فغرفة مفردة من غير دش، لو سمحت .,neutral
17869,شكرا مرة ثانية لتذكيري . كثير ناس بيتعمدو ينسو يوقعو اسماءهم؟,neutral
17886,طيب، خلص وقتنا . بنقدر نكمل هاد النقاش يوم الخميس على الوحدة؟,neutral
17899,بدي شوية بيجامات .,neutral
17919,اوك . رح احكي معك بس يجهزو .,neutral
17935,شو بالنسبة للغدا؟,neutral
17947,الليموزين رح توقف عند البوابة الشمالية اول اشي .,neutral
17963,لحد اي وقت بقدر استخدم مطعم الفندق؟,neutral
17966,هو قطار مباشر؟,neutral
17977,طيب، الوقت بيتأخر . اتوقع انو لازم اروح هلا . شكرا الك كثير على الامسية الحلوة .,positive
17986,بقدر اخذ شوية ادوية لوجع معدتي؟,neutral
18003,بدي جاج مشوي .,neutral
18018,غلطي . مش غلطك .,negative
18036,عفوا، متي بيخلص هاد الفيلم؟,neutral
18040,هداك، لو سمحت .,positive
18077,مجواهرتي انسرقو . لازم اقدم تقرير .,neutral
18103,بس لحظة، لو سمحت . رح اوصلك مع السيد جون .,neutral
18110,مرحبا . معك الخطوط الجوية يونايتد .,neutral
18131,وين تعلم السيد جونز الياباني؟,neutral
18138,عندي وحد صغيرة بنفس التصميم .,neutral
18155,بتقدر تضيق هاد البنطلون؟,neutral
18161,ليلة الجمعة، على التسعة.,neutral
18166,هاي البوابة ل لاس فيغاس؟,neutral
18181,في عندك باص من المطار؟,neutral
18189,معلقة ثانية، لو سمحت .,neutral
18211,هيه شوي مالحة، بس حبيتها . جبتها معك طول الطريق من اليابان؟,positive
18226,لو سمحت استعجل، اذا ممكن .,neutral
18254,بتقدر تدفع عشر دولارات هون كعربون؟,neutral
18264,اه . صحيني بعد ثلاث ساعات، لو سمحت .,neutral
18273,بدي اطلب، لو سمحت .,neutral
18274,لازم اقول اه و لا لأ؟,neutral
18282,معلقتين، لو سمحت .,positive
18323,شو المحطة الجاي؟,neutral
18334,السيارة بتطلع صوت غريب .,negative
18336,شو الوقت اللي بيسكر فيه مكتب البريد؟,neutral
18338,انا اصلا دفعت عربون خمسين دولار بس دخلت .,negative
18341,عندك دول لقلبان المعدة؟,neutral
18342,بحتاج اني البس كبوت و ربطة؟,neutral
18344,بقدر احول المصاري لحسابي التوفير؟,neutral
18355,نسيت شنتتي .,negative
18382,بدي ارجع أأكد على رحلتي .,neutral
18401,ساعتي . كانت العلامة التجارية السويسرية الجديدة الرقمية .,neutral
18409,نجحت باختبار الالوان اللي بتطير .,positive
18412,بدي اياك تاخدني لاماكن مثيرة . انا سائح، زي ما بتعرف .,positive
18419,بقدر اروح اشوف معالم المدينة ما دام السفينة بالمينا؟,neutral
18437,كان احسن الك تزبط المراية الخلفية .,neutral
18440,رح يكون في انتظار عشر دقايق او شوي .,neutral
18441,بقدر اخذ لوحاتك؟,neutral
18451,رح اكون مبسوط . اي وقت بتحب؟,positive
18487,اتوقع انو تركت كاميرتي ورا بس كنت اتعشى هون مبارح .,neutral
18492,جمعهم عند البوابة .,neutral
18502,اوه، لا . هاد ما رح يكون ضروري . انت اصلا عملت اللي بيكفي و زيادة .,neutral
18519,صلحه او غيره، لو سمحت .,negative
18521,بقدر اععملها بوقت معين الشهر الجاي .,positive
18527,لو سمحت خذ وقتك .,positive
18531,كيف هاد المنتج الجديد بيتقارن مع المنتجات الموجودة؟,neutral
18540,موظفين المبيعات كثير لطيفين بهاد المحل .,positive
18552,بتقدر تخليلي هاي معك؟,neutral
18562,بس دقيقة، لو سمحت .,neutral
18569,عندك بطاقات الاستلام تبعك؟,neutral
18572,بدي استأجر سيارة لاسبوع .,neutral
18580,اه، بالبداية، غسله لحاله .,neutral
18585,لو سمحت فرجيني ساعات رجالي .,neutral
18595,اربعة و عشرة .,neutral
18612,قديش بتكلف الليموزين للروحة لوسط المدينة؟,neutral
18614,من الصبح .,neutral
18617,اخسن انو نستعجل . همه اصلا بيطلعو .,neutral
18632,على القد بالزبط .,positive
18639,سألت عن الجاج .,neutral
18640,لعشر ايام .,neutral
18642,قديش عمر هاد الولد؟,neutral
18643,قديش كلهم مع بعض؟,neutral
18646,حاب نفس هداك، لو سمحت .,positive
18685,ضيعت شيكات المسافر .,negative
18687,لو سمحت اعطيني شوية ادوية باردة .,neutral
18690,لو سمحت حطها بمخروط .,neutral
18725,بشوفو كل يوم الصبح على القطار .,neutral
18727,بتقدر تتعشى معنا اليوم المسا؟,neutral
18747,رح اضل بفندق بي لبكرا . رح اكون مبسوط اذ قلتلو اني انا هون .,positive
18770,الرحلة تأجلت لخمسة و اربعين دقيقة .,negative
18771,اسمي شينو يامادا.,neutral
18784,شو تخصص هاد المطعم ؟,neutral
18798,عنا النبيذ الأبيض الممتاز.,positive
18830,بس شوية أدوية باردة.,negative
18834,بتقدر تنزل اغراضي على اللوبي بكرا الصبح؟,neutral
18836,اوه، شكلي لازم اضيع شغلة كل مرة بسافر .,negative
18845,بطلت استفيد من ذراعي اليمين .,negative
18847,مرحبا، هاد روي؟,neutral
18848,بعدين، رح توصل لشارع تسوق . اذا ضليت مع الشارع رح توصل على المحطة .,neutral
18872,لا، مش هون . في غرفة تدخين بآخر هاي العرباية .,negative
18877,بقدر اخذ بروشور؟,neutral
18879,الوصول هناك على التسعة، لو سمحت .,neutral
18906,اه، سيدي . كيف بتحب اني اقصه؟,neutral
18912,اتوقع انو في غلط بالفاتورة .,negative
18917,بس زيت و خل بيكون منيح .,positive
18919,عندي بالزبط اللي بدك ايه . بقدر اقترح عليك هاد؟,positive
18938,قهوة مع سكر .,neutral
18948,سبعطعش اي . اوه، انا اسف . غلطت .,neutral
18951,عمرك سمعت عن الاسبوع الذهبي باليابان؟,neutral
18957,شكرا . ارجع مرة ثانية لو سمحت .,positive
18963,لسه كلو محجوز؟,neutral
18974,بقدر اتركه بأي مكان بالبلد؟,neutral
18986,شو الرقم اللي لازم ارن عليه من هون؟,neutral
19002,كيف بقدر اوصل لديزني لاند؟,neutral
19005,هيك رأيك؟,neutral
19007,لو سمحت، وين المطعم الرئيسي؟,neutral
19009,بدي احكي مكالمة على اليابان .,neutral
19036,رقم الكرسي تبعي دي اطنعش. وينو؟,neutral
19037,شو هاد، لو سمحت؟,neutral
19038,شو النوع اللي ببالك؟,neutral
19045,اه . رح نوصل على الثمنية بالتوقيت المحلي .,neutral
19050,اذا لقيت اي اشي، تواصل معي لو سمحت .,neutral
19057,بقدر اخذ شوية لحم خنزير و بيض؟,neutral
19064,شراب الشمام كتحلاي، لو سمحت .,positive
19068,المي ساخنة مش ساخنة بشكل كافي .,negative
19085,بتقدر تشرحلي كيف اعمله؟,neutral
19094,لو سمحت اكتب عنوانك هون .,neutral
19100,بقدر استخدم الفلاش؟,neutral
19101,شكرا . ارجع على غرفتي بكرا بنفس الوقت . رح اكون مجهز الصور .,positive
19103,انا اسف هلا بتقدر تطلب من منيو الليل .,neutral
19113,عادي و لا نقي؟,neutral
19144,عندي صداع.,negative
19147,هاي غرفة اطنعش صفر سبعه .,neutral
19148,بدي غرفة مختلفة .,neutral
19156,قديش مدة هاي الفيزا؟,neutral
19162,في مستشفى قريب من هون؟,neutral
19170,بدي بدلة .,neutral
19196,عندك عرض اكبر؟,neutral
19215,بقدر اجرب على التسعة؟,neutral
19217,فندق امن و بيعمل فطور بيجنن، لو سمحت .,positive
19226,وين حديقة الحيوانات؟,neutral
19232,في اكبر؟,neutral
19250,ثلاثين دولار ثمانين .,neutral
19251,حسب اذا المكان دافي، بس بنص اليابان، بشهر اربعة .,neutral
19258,تشيز برغر مع بطاطا مقلية .,neutral
19269,الوقت اتأخر لآخر قطار .,negative
19281,ما عندي فكة.,neutral
19294,اخذت بطاقتك الباص؟,neutral
19306,رصيد، لو سمحت .,neutral
19307,كنت برحلة طيران يونايتد ثمنية اثنين ثمنية .,neutral
19317,كثير مزعج عند غرفتي .,negative
19318,على الساحل الشرقي، بتقدر كمان تلاقي اماكن مشهورة، زي نيويورك، وواشنطن دي سي وبوسطن.,neutral
19327,عندك وراق يابانية؟,neutral
19329,شكلو منيح .,positive
19346,في مشكلة اذا تركت معك اغراضي حتى الساعة وحدة؟,neutral
19347,في جولة في المدينة؟,neutral
19360,اه . اسف لازم. شو وضع الامان بهاي المنطقة؟,negative
19391,اهاا، بحاول استأجر سيترون .,neutral
19401,انولدت و عندي مواهب طبيعية .,positive
19413,هاد رح يكون كويس . وين الخبز؟,positive
19415,تدخين، لو سمحت . و كرسي على الشباك، لو سمحت .,positive
19423,و قديش بتكلف الخياطة؟,neutral
19444,شو الاسرع، تكسي و لاسيارة اسعاف؟,neutral
19460,عندك من هاد التيشرت بالوان ثانية؟,neutral
19463,لازم ما تحضر تلفزيون طول الوقت .,neutral
19466,اه، جايين عليه، جايين عليه.,neutral
19467,انت دخلت على احسن مستشفى عنا .,negative
19469,وين بقدر الاقي سوبر ماركت؟,neutral
19475,غالية شوي . بتقدر تعطيني استراحة؟,negative
19479,كم مرة رح نوقف حتى اغير؟,neutral
19490,هاد الزلمة سرق محفظتي.,negative
19494,حبوب الهضم وحبوب المعدة بيختلفو، صح؟,neutral
19497,بدي اشوف الميناء.,positive
19500,فكرة جميلة.,positive
19501,قديش بتاخد وقت مشي؟,neutral
19505,رح اخذ عشرين من الدب الكبير، لو سمحت.,positive
19507,شو رقم امين الصندوق؟,neutral
19508,سهلة . رح اشوف دليل التلفون .,positive
19509,عندك غرف اكبر؟,neutral
19547,قديش فاتورتي؟,neutral
19548,بدي اضل بالغرفة كمان ليلة .,neutral
19560,لو سمحت، بس انا حاب اسلم تقرير السرقة .,neutral
19572,طيب، بيعتمد على نوع المواصلات اللي رح تاخدها . رح تروح بالباص و لا بالطيارة؟,neutral
19578,عندك مانع اقعد هون؟,neutral
19581,بقدر ابعث ايميل واحد بدولار؟,neutral
19589,اه، لو سمحت ابعته فوق لغرفة اطنعش اربعة و ثلاثين .,neutral
19610,لو سمحت عبي نموذج التسجيل .,neutral
19617,بدي تذكرتين روحة رجعه ل اكسفورد .,neutral
19619,اي ساعة لازم اجي على المطار؟,neutral
19620,هاد بطيء.,negative
19623,وين بقدر اطور فيلم؟,neutral
19643,لا، لو سمحت لا . بتقدر تخلي اسئلتك بنهاية حديثي، متى رح اسألهم؟,neutral
19648,بدي كرسي كويس .,positive
19649,اسف الحمام ما بيشتغل، بدي مساعدة .,negative
19651,ولا اشي صعب أو مش واضح .,neutral
19654,رح اوديك على مقعدك . من هون، لو سمحت .,neutral
19656,لو سمحت، بقدر اسألك سؤال؟,neutral
19666,باعتقادي هيك .,neutral
19675,هاي . فرصة سعيدة .,positive
19691,بدي اسجل هدول الشناتي لطوكيو، لو سمحت.,neutral
19694,بتقدر تفرجني واحد اكبر بشوي ؟,neutral
19703,برأيي اللبس المصنوع باليابان أكيد مصمم بطريقة أحسن .,positive
19715,كان احسن الك تستسلم .,negative
19716,احكي مرة ثانية لو سمحت .,neutral
19722,بتقدر تكتبلي العنوان و رقم التلفون، لو سمحت؟,neutral
19726,حامي؟,neutral
19732,من اي مطار رح اسافر؟,neutral
19733,ما اخذت النموذج بالطيارة؟,neutral
19735,بدي مكواية .,neutral
19752,بالزبط ثمنية و ثلاثين دولار كله مع بعض .,neutral
19754,شكرا لمشاركة الافكار المفريدة معنا .,positive
19755,بروح اتزلج مرتين بالشهر خلال الموسم .,neutral
19760,انولدت ب اول اربعة سنة الف و تسعمية و خمسة و خمسين .,neutral
19769,بقدر أستأجر مضارب؟,neutral
19809,هاد الباص الصح لوسط المدينة؟,neutral
19813,قديش حق هالعطر؟,neutral
19814,لشو هاي؟,negative
19819,وين بقدر اروح للاجراءات الرسمية؟,neutral
19838,خمسين جنيه .,neutral
19840,بيتضمن ضريبة؟,neutral
19853,ايش هيه التكيسات؟,neutral
19862,لو سمحت اتصل بالاسعاف .,neutral
19864,رح اراهن ب ثلاثة دولار على هاد .,neutral
19871,كيف جاي؟,neutral
19889,ما في اكل انا ما بحبه .,neutral
19902,"يوم الدستور أو ""كيمبو كينيبي "" هوه عطلة رسمية ب ثلاثة خمسة للاحتفال بتأسيس الدستور الياباني الحالي .",neutral
19912,الجولة بتتضمن زيارة ل برج سيرز؟,neutral
19923,في مكتبة قريبة من هون؟,neutral
19928,رح اروح على المدرسة الصيفية بجامعة هاواي .,neutral
19935,وين رح نمر هلا؟,negative
19945,اثنين بالغين و طفل ثلاث سنين .,neutral
19959,بحمام بالمحطة .,neutral
