Sentence_ID,sentence,label,Dialect
1,خصوصا الشركات لأنو رح تكون هدف سهل لمحاولت اختراق سيرفر الشبكة التجارية,3,Syria
2,ألفين مبروك أخي تميم يعني والله بتستاهل فعلاً لأنك رجال معدَّل وأبضاي وزكرت والله ...,0,Jordan
3,يآأاساتر مين هووون بشوووف,3,Lebanon
4,يعني اذا كنت انا صاحب شركة كمان ما رح اخد غير الوجه الحسن,0,Jordan
5,وحتى بالعدوان كانوا شركاء في مجزرة مروحين ...,3,Oman
6,أنو ربي قطة تكون صغيرة و ربيها أنا وتحبني شغلة حلوة مو ...,0,Syria
7,ونضول كنت اشتريت فيا تياب ومكياجات وعملت حفلة كبيرة بلا مناسبة بس نوع من البريستيج والقنفشة,0,Syria
8,والموضوع كله هفة الغاء الدين الاسلامي وبالتدريج من حياة اولادنا ومن حياتنا هاد مو من حق,3,Iraq
9,شو مطولة ستي واشملكم ريحة عطر راششتو على حالها ..,0,Lebanon
10,و بتمنى كون صديقة بيناتكن يا احلى منتدى,0,Jordan
11,هنن أوسخ وأوطى من أنو يحكوا على المرحوم حافظ الاسد,3,Lebanon
12,و عاقبال ما نشوفك ... دكتور ناجح بإذن الله ...,0,Tunisia
13,٢ بالأولى ووحدة بالتالتة .. إلا مادة السنة التانية ماعم تترفع ..,3,Syria
14,ولا عندها مشكلة لو تمت سنة .. قبل العرس ..,0,Libya
15,بختار اشكي لحالي وما أظلمه معي,3,Saudi Arabia
16,قبل كمن سنة ... ولما توافدو اليهود من كل مناطق العالم,3,Palestine
17,والله مبينة الوحدة الوطنية كتير منيح من تعليقات هالناس المعقدين,3,Syria
18,وصرت تسمع كلمة ممنوع الوقفة هون من واحد ما بيسوى فرنك ونص,3,Jordan
19,كيف ... لما بتكون عما تقدم امتحان ووحدة صوبك عما تعلك ...,3,Lebanon
20,واللي مابتعرفه ياسيدي الكريم أو بجوز بتعرف وماذكرته انه مو الصيدلاني اللي عطاه الإبرة !!,3,Oman
21,والمتمرد يحترمه الكبار والصغار ؟؟,3,Yemen
22,كل عام وانتي بالف خير يا عمو والله يجعل ايامك كلها حلوة وناطرين رجعتك مشان الكاتووو و القهوة وعقبال فرحة التخرج .,0,Syria
23,لأن فيها خربان بيت متنل العين بالعن والسن بالسن,3,Syria
24,يعني في مخالفة ١٠٠٠ ليرة ؟,3,Palestine
25,انا بدعو صحبتكم لاحدي المواقع من جميع الانواع اضغط هنا ميمو,0,Sudan
26,ملكة الحب ملاحظه جيده والله كنت بسألهم اليوم ليش مختفين بس الاختبار شغلني ان شاء الله اوفيكم بالاخبار عنهم «:confused:»,0,Oman
27,ويتربى بعز ودلال والديه ان شاء الله ومبرك الك,0,Oman
28,مواضيعك دائما مميزة ..,0,Saudi Arabia
29,انو اللي لابسين البدلات يعني كتير عوكات وفايتين,3,Lebanon
30,في اشخاص بالأصل هنن عندون انفصام وأمراض نفسية بحاولو انو يعملو شي للفت الانظار,3,Lebanon
31,حك راسه يحاول يتذكر وقال أجل أنا وين حطيت القلم ! ؟,2,Saudi Arabia
32,وانا والمشاغب ... حنكون السبب «:d»,0,Libya
33,يلا تجربة أبتعادك جابت نتيجة واحلى نتيجة,0,Syria
34,بس يوم عالمي كمان بيستحق كل النسة هو والمرأة أكيد,0,Syria
35,خزيت العين عنك الله يحميك,0,Syria
36,وطلع ضغطنا ونزل شي عشرين مرة خصوصي آخر شي المنتخب السعودي كان ضعيف مبارح,3,Syria
37,إخواني قواكم الله وحفظكم ونصركم لكن بس المدونات بدها شكل أجمل وأكثر نظاما فقط حتى نرتفع باعلام القضيه ومعكم ان شاء الله,0,Jordan
38,ولا اقوى رافعة بالدنيا بترفعك عن الارض,3,Jordan
39,واللي بيقول انا ضد تنظيم الدعاره بكرا بتشوفواول واحد واقف على الدورليفوت ويقضي شهوته,3,Egypt
40,لأنو انت وامثالك اذا بتستمروا في الاعتراض فقط,3,Oman
41,بمسح دمعتها وبخفف عنها,0,Jordan
42,بس ماحبيتها منك انو سبقتني مو نحنا متفقين نخطب سوا المهم سبقتني للخير . . .,0,Saudi Arabia
43,يعني عم ياكلوا من ورى عرق و تعب الداعرات هلا ،,3,Jordan
44,يا ريت جسمك هالحلو بياخد عمر,0,Lebanon
45,فالاغلبية ما الكل ما بيسدقو يشوفوا واحد عم يبتسملون او وحدة واقفة,3,Syria
46,يا أخي هلكتنا وتعبتنا وفوتتنا بميت حيط ...,3,Syria
47,ألف مبروووك والله يعينك على هالمسؤولية والأمانة بس أنت قدها وقدووود الله الله يا فتى القمة أقنعهم يغيرون ما تحت معرفي من كاتب جديد إلى أي شيء إذا قدرت تقنعهم بهالشي تكون فعلا ً شي ..,0,Oman
48,او بكون عنجد انو عم يساعدها و هيي مجرد صديقة,0,Lebanon
49,تخرجت من الجامعة بمعدل ممتاز وما تعينت بالكلية ، وبنفس السنة ع الدورة التكميلية عينوا بالكلية ثلاثة من الطلاب معدلاتن «زفت» .,3,Syria
50,اي شو هالشاعرية لشام ينالك يا شام شقد الناس بتحبك وانا وحدة منن مع انوا ما زرتا غير ٥ مرات وبالبرد كمان,0,Syria
51,يعني بالعاميه ياروح يمين ياروح شمال,3,Yemen
52,عفوا أختي على الخطا الكتابي,0,Oman
53,أو غلطة لاتغتفر ...,3,Modern Standard Arabic
54,لا تحوي على صور عالية التقنية ..,3,Saudi Arabia
55,فرجينا همتك ونشاطك ومواضيعك الحلوة ومناقشاتك الحكيمة,0,Syria
56,بس الزنب مش عليه الزنب على المفتشيين,3,Libya
57,يالله لنشوف حركوا النقاش وسخنوه لكي نصل الى الحقيقة المفقودة,0,Algeria
58,مبلى اخي كل الموظفين بيعانوا من هل الحالة مو بس انت,3,Jordan
59,ولخمهـ بلآش بلآش خلي آلأحزآن بعيدهـ,0,Tunisia
60,معقول هالسؤال ...,3,Lebanon
61,كلياتنا منعرف أنو حضرتك هو رقم واحد ...,0,Palestine
62,كان بودي نقل هذا ألأدراج أيضا بس ما بدي تقل عليك,0,Syria
63,ارجو افادتنا لانه مسافرين الاسبوع الجاى على غزه من السعوديه وشكرا,2,Egypt
64,وبتجنن طريقة سردك لإلو ...,0,Jordan
65,والله عطونا فرحة وأمل ورفعولنا معنوياتنا في بلاد الغربة .,0,Syria
66,وارسم في خيالك شعب بيتحسر,3,Yemen
67,كل يلي بيحرك العالم هلأ هم اليهود ونحنا قاعدين وراضيين بكل الاحتيالات,3,Palestine
68,الوسيط أنت فارس الكلمة وجزاك الله ألف خيراً على هالموضوع أنت مواضيعك طيبه مثلك للعلها في ميزان أعمالك عبدالله وبس ، عملاق القمة المتواضع,0,Oman
69,بس بوعدكن أنو اكون صديقة للجمعية ..,0,Syria
70,كنت امرق من عشر سنين لهلق قدام هالسيارة,3,Qatar
71,وانت نقلت القصيده بقى الاعتراض اكيد مو عليك او شي,3,Libya
72,وانتا مش عارف اصلا كيف عاملينها وشو حاطين فيها ..,3,Jordan
73,شكلي رح اقلب على الخط مسبق الدفع ..,2,Jordan
74,شي مو طبيعي ضغطي ارتفع من الحكي الي كاتبينو فعلا حثاله الي عامل هاد البيج ... حسبنا الله ونعم الوكيل,3,Iraq
75,ممم ممم حضور فطور إي ليش لأ بنحضر أخي أنا حضور وممكن جيب معي إختي إخواتي بنات خالتي بنات عمتي بنات الجيران إي ما علينا,0,Syria
76,يعني تفوقنا على المصريين بهالمجال ...,0,Qatar
77,لاتقلي على الشباب عن جد مومعئولين يعني بدنا نضحك ولانزعل ولا شو ؟؟,3,Syria
78,من اراد ان يتزوج على الطريقة الشرعية فهنيئا له من كل قلبي,0,Oman
79,اذا حب يتكحل يتكحل وين المشكلة,0,Algeria
80,أتعس لحظات بعيشها هاي اللحظات,3,Jordan
81,الله يبعد عن الطائفية,0,Tunisia
82,ولكو ايش هالموضوع القديم طلع غبره,3,Lebanon
83,يعني لو نحنا هيدي الـ«لو» ما بطيقها,3,Lebanon
84,الكويت بلد نحترمه ونقدرها اعتقد النظام المعفن اللى فيها نظام بال عليه الزمن زى اللى عندنا بالظبط داهيه تاخدهم هما الاتنين,3,Egypt
85,يعطيك العافيه اول ما شفت الصور استغربت اول مره اشوفهن وارتحت انا مو بس انا اللي ما يعرفهن على العموم بالعااافيه,0,Qatar
86,هاااي علا الامورة شايفة كيف اكيد ياقمر انو كل الي اسمون علا ظراف وحبوبين ولطاف وبجنننو,0,Iraq
87,ويتفش البك براحتك بدون خجل,0,Syria
88,وينظف البيئه,0,Iraq
89,«3:» ليش بصلتك محروقة ودايما مستعجلة في الحكم على الاخرين ؟,3,Morocco
90,ههه لك ياظالم كل هيدي الصفات فيي وأنا ماعندي خبر ههه,3,Lebanon
91,عم بمزح معكون اصحكون تزعلو ...,0,Syria
92,على حب البلد ونظافتها باغلاق المحلات لأيام وغرامة مالية,0,Saudi Arabia
93,أنا بصراحة ما بتابع الفضائية السورية برامجها ما بتشد,3,Jordan
94,بس عارف حالو غشيم لذلك بيسكت وبيسدّ بوزو وما بيحكي لحتى ما يفضح حالو,3,Lebanon
95,ايـــ ه دنيا عجيبة غريبة تكفنوني على هل الشغلة,3,Iraq
96,لا يغني عن معالجة اخلاقية للسلوكيات الخيانية لدى العديد من اطراف هالحرب .,3,Oman
97,لا نهر و لا بطيخ نحن للأسف ما ممكن نصير خلق,3,Sudan
98,رجاءا ما تدخلو عليها وتغلبو حالكم وتنزلو شتم ..,3,Iraq
99,و نصير نتفرّج كيف عم يندكّ,3,Palestine
100,يعطيك العافية جورية عندي فكرة اذا حدا عندو موشحات اواناشيد يحطها في المنتدى,0,Jordan
101,هل اصبح الضحك حقاً قناعاً نواجه به الأشخاص ...,3,Oman
102,وفيها اماكن خرج تنزار .,0,Jordan
103,وأيضاً إن طلق الزوج زوجته طلاق الثلاث كأن يقول لها أنت طالق ثلاثاً ،,2,Modern Standard Arabic
104,الحمد لله انو ما ولد بالعراق,3,Iraq
105,بس بتعرفو انه خلص صرنا اصدقاء,0,Jordan
106,إذا مفكر حالك حضاري فاحترم قانون السير,3,Syria
107,اففف احم مبروك اي والله بتستاهل,0,Lebanon
108,وهدا الشي يمكن عمنلمسو هلق اكتر من قبل,2,Lebanon
109,أهلا فيك نونو شرفت وتكرم عيونك هي أحلى ئطعة كاتو وكاسة عصير كرمالك يا غالي,0,Lebanon
110,و بنعمل عرسنا بمنتدى شباب لك أنا مع الأخ «voodoo» بكلامه ،,0,Sudan
111,يابختهم صحبات ماما,0,Egypt
112,أنا ذهلت شو يعني يخلع نيعك ؟؟؟,3,Jordan
113,و على كل حال اكيد هلء الايميلات عندكم رح تمتلىء من المعجبين مو هيك ؟؟؟,0,Jordan
114,وليس من اجل كلام الناس والبورظه,3,Yemen
115,صبري وحتسبي إذا كنتي بتحبي,0,Egypt
116,كل عام وانتم بالف خير,0,Oman
117,الحياة حلوة بس نفهمها ..,0,Qatar
118,انتبهو يا عالم سرقه الاعضاء متفشيه صارت بالبلد و عم يوم عليها اطباء معروفين فلا تامنو بالاطباء بسوريا بشكل عمياني,3,Lebanon
119,لك هاتو مفاتيحها لنعمل فتلة بالعريس «dr.fox»,0,Algeria
120,يعني ما بدها كتيير تعليق واضحة,2,Syria
121,راح ينجح,0,Iraq
122,واللي تسكت تستاهل ..,3,Tunisia
123,وبتعسف عليك ضبوها هل سيرة بقا وحلنا نعرف كيف نسامح بعض ما حلنا ؟؟ حلنا !!,3,Saudi Arabia
124,بلأسلحه المحظوره و القتل و القصف و الجنود المحبطين يلي بدهم يلاقوا متنفث لهم,3,Libya
125,وليس لكيفية قضاء يومه ومايفعله بحياته الخاصة,2,Oman
126,تعرفت على الموقع عن طريق كاميليا صديقتي . هوه انا كنت بعرف قمر لبنان من قبل بس انقطعت علاقتنا فتلرة تقريبا سنه بعدين رجعنا اجتمعنااا هوون,0,Iraq
127,و محاولة دفاع عقيمة عن النفس بإنو عمبحاول يترك مدخل محلو مفتوح,3,Lebanon
128,عم يحذرك من نادي الشريرات شو عامليلك نحنا ...,3,Syria
129,ليك عيني المجتمع بلا تفكير هو المجتمع اليتيم,3,Morocco
130,بعد ناقصهن نلعب معن لعبة البروباغندا و الاعلام الحربي,3,Iraq
131,ما رح اطول بالحكي بس عنجد اشتقنالهم ولوجودهم معنا الاخ دارك فايروس قال عمالقة اصدو انهم عمالقة بحضورهم ومكانتهم بيننا,0,Lebanon
132,يقووول بحرووور ان كلمة مبروك غلط لغويا,2,Libya
133,بل بظن انهم ورود ممكن يستخدموا اشواكهم وقت الضرورة,3,Syria
134,«1-» يا ريت تكبروا مساحة النادي الرياضي و قاعات الايروبيك,0,Jordan
135,دخيلك ما فيها شيء و انا مستغرب انه في شاب حتى الان هو بتول .,3,Saudi Arabia
136,انشاء الله تكمل معنا وما نصير متلك,0,Jordan
137,لاء ومابدا العالم تفهما غلط يخزل العين عنا اييي دنيا كل واحد بيعبر بطريقتو,0,Lebanon
138,بس المهم أنته ما تتغير وتبقى مخلص,0,Jordan
139,انا بقول انو جامعة الازهر فاشلة,3,Jordan
140,بجد هيك موضوع معقد,3,Palestine
141,البلد كلو بدو نفض من فوق لتحت مو بس شوارع ..,3,Syria
142,محمود .. انا ممكن اجاوبك ع سؤال اللي موجه لنغم ..,2,Egypt
143,والله انك من الاساتذة فيه والله لا يحرمنا من مشاركاتك .,0,Saudi Arabia
144,ونتمنى اللحقه الجاي تكون فيها اكشن أكتر من هيك,3,Egypt
145,ويوم ميلاد سعيد انشاللله وسلااامييي ابئا تزكريني ملاك هه يوم ميلادي,0,Lebanon
146,و فعلا الواحد بأوقات معينة بيحتاج لأنو يسرح بهالكون ويتأمل فيه,0,Syria
147,وخلص وعد علي لادخل كل يوم واعيلك,0,Yemen
148,اذا عصبي منشان ما تاكلي قتلة .,3,Algeria
149,النت برأيي انا وسيلة للتعارف والتسلية,0,Saudi Arabia
150,يعني الثقافة الجنسية أبدا مانا عيب او حرام,0,Saudi Arabia
151,إنو منشان الله بدنا نرتاح جايين من سفر,3,Lebanon
152,انت واختي الي مابحسن اقول اسمها وبحبها كتير,0,Syria
153,يعني بنكون ربحانين القضية او ربحانين من في اسهم الشركة بعد ما نطرحها للإكتتاب العام منظمة حقوق الانسان تقول « يقتل حوالي ٨٠٠ عراقي سني شهرياعلى ايدي وزارة الداخلية العراقية وثلثيهما تبدوا عليهم اثار التعذيب»,3,Saudi Arabia
154,ياترى بالصيف لو فكرنا نطلع شئ رحله كم باص بدنا,0,Libya
155,بس المصيبة انه انا لو نمت قيلولة مابتصير,3,Qatar
156,بس على فكرة للي عم بيقولو خلوه يسترزق يا اخي ماشي ما ختلفنا يسترزق,3,Syria
157,الا اذا كان خارج عن دين الاسلام او غير مسلم مع احترامي لباقي الاديان ،,0,Oman
158,بكفي أنك بتنزل الساعة ٣ بوجه الصبح بتلاقيها معجوقة,3,Syria
159,شكرا يا عيون الله يعطيكي العافية,0,Morocco
160,ياستار يا ستار بالتابوت بحط الحوت,3,Lebanon
161,أنها انسرقت بالحج بس وين بالضبط والله ما بعرف ،,3,Saudi Arabia
162,بقى تنظير بشرفك ...,3,Egypt
163,ولسا ما تزوجو عادي بتسمع كتير سمعات بس انت,3,Syria
164,من حقها تخاف لما تشوف شي جديد وتبكي لما تتوجع,3,Iraq
165,وضاع فيها ومات فقلت خلينا نألف نهاية اكتر منطقية ..,3,Egypt
166,اشتاق الك بالامس واليوم مشتاق وبكرة اذا شفتك بيزيد اشتاقي,0,Iraq
167,والله حزنتيني على هالبسس ... بس مهما يكون أنا ما بحب البسس و مستحيييل أدخل بسة عالبيت ههه ...,3,Syria
168,و تحياتي ليلي بيحبوا شوكلاته,0,Syria
169,ممكن سؤال ليش دخلتي جامعة الازهر مادامها فاشلة ؟؟ ..,3,Yemen
170,فبئسأً لهيك أشبله الرجال ولمشاريعهن,3,Syria
171,كافي هاد الدليل برأيك للتعميم ...,2,Jordan
172,والي عملو هاد ناتج تماما عن اخلاقو لا ناتج عن مغريات ولا عن رعب,3,Iraq
173,إي نعم عش رجبا تر عجبا هي الأركيلة صارت موضة ...,3,Tunisia
174,بتعرفو وين المشكلة المشكلة انو الناس اخدين الموضوع مسخرة,3,Palestine
175,وكان موضوع لكل الاعضاء سواء من رواد الحكي المرتب ومن باقي الاقسام,0,Jordan
176,عنجد القصة كتير مهضومة,0,Syria
177,الله يزيدك من نعمه كمان وكمان,0,Palestine
178,لك شايفتللك طارق أفندي أنو مناسباتك كترانة هاليومين !!!,3,Lebanon
179,كتي يعني صح لسا انا هلأ لسا فئت من النوم ومامصحصح لسا,2,Palestine
180,اللي بلا طعمة عالقليلة بتحس المعد فهمان شو القصة ...,3,Lebanon
181,ليش تغيريه ؟ اتركيه لشو السؤال ،,3,Syria
182,في الموضوع ان ممكن يكون اللبس بوقت معين حلو ومناسب وراقي,0,Egypt
183,وما بتعرف شو يعني نظافة,3,Jordan
184,لو كان الحب كلمات تكتب لأنفذت احباري ..,0,Jordan
185,وبرضو مجتمعنا ما بقبل هيك شى ... مجتمع ما برحم ...,3,Jordan
186,واحد بجم مابيفهم ويبدو ان ذلك يعود لاصلها البدوي !!!,3,Oman
187,و انشالله بتمنالك هيك عسكرية حلوة و ممتعة,0,Palestine
188,وبعدين مين قلك اني مارجعت لبلدي وعملت مشروع فيها ونجحت وانا لبلدي,0,Saudi Arabia
189,ألف مبروك وحمدالله عالسلامة بس لسا موبايل زعبور بيغنيلك,0,Syria
190,ما بتوفي يعني بتخسر معن يعن أنترررنيت مع كل المواقع المحجوبة وبأحلى السرعات والأسعار,0,Lebanon
191,الا و لازم فتش عالحشرات ..,3,Lebanon
192,بس الرحلة دي شي تاني خالص .. رحت العمر .. روحة بلا رجعة بنسبة «99.99%»,0,Syria
193,من وجهة نظري .. متل ما بتعطي بتاخد .. ولكل قاعده شواذ !!!,2,Lebanon
194,وتحققي الدعوى الي دعيتلك اياها,0,Iraq
195,راسي صار يوجعني,3,Iraq
196,وكن شجاع وتعال نتناقش ...,0,Morocco
197,،قومي خدي من الجيبة خمس وعشرين ليرة .,2,Syria
198,لك السياح هنيك كل يوم بالعشرات يا جماعة هي قبلة للسياح ..,0,Syria
199,ليش هو فرحان انو ماتت بعد ما طلعت عيونه لاتجوز ...,3,Iraq
200,وأكتر شي عجبني الصالة رقم ٢ ؟؟؟ حزرو ليش ؟؟؟,0,Lebanon
201,ال «Default Gatewaty» وبضل اعمل ريبير لحتى يمشي الحال,0,Lebanon
202,شكرا على هاللفتة الكريمة ...,0,Qatar
203,بعد ما كانو ياكلو بايديهم,3,Jordan
204,ههه خليني انا مجنووونة وخليكم نايمين ...,3,Egypt
205,لابل حتى هذا النوع يفضل الايتزوج على الاطلاق,3,Iraq
206,والناس هي عم تتحرش فيكم فرنسا و بلجيكا وكل دول العالم هي عم تتحرش فيكم,3,Palestine
207,بس أحلى سؤال بتحب تاكل البوظة بالصيف ؟؟؟ ...,0,Syria
208,برجع بقلك أهلاً وسهلاً وننتظر مشاركاتك الفعالة أسامة,0,Palestine
209,الا اذا ما كان اليوم هو اليوم الصحيح لعيد ميلادك .,2,Saudi Arabia
210,أنوووس مو تكرم عينك وهي الموالح وعلب البيبسي صاروا جاهزين ...,0,Syria
211,ههه يعني طريقتك الساخرة بتضحك بس بصراحة شي بينبكى عليه الله يهدي الجميع بس عمو وين الفئة المعتدله بالموضوع ولا مابقي منون هدول ؟؟؟,3,Syria
212,لأنن بالسعودية ورح تتطبق بحقهم عقوبات عديدة,3,Syria
213,ويروح لحالو لانو سيران ونكد يعني مطرح ما ... شنقوا ...,3,Lebanon
214,شباب دائم طلعتيلي روحي و ما كنت أعرف شو المفاجأة,0,Palestine
215,وكُلُواْ وَاشْرَبُواْ وَلاَ تُسْرِفُواْ إِنَّهُ لاَ يُحِبُّ الْمُسْرِفِينَ «31»,0,Tunisia
216,والله انا شايف لو المحافظ انسان عادل ...,3,Libya
217,بس بدو قول للي كتير فرحانين بالتكريم العظيم للطلبة الاوائل,0,Lebanon
218,بعدين اخي اقرا مو ضوع مشكلة عائلية معقدة بتهون عليك مشاكلك,0,Iraq
219,عشاان عندي ملفاات كثيير بالمحكمة يووم السبت,2,Syria
220,والبنت اذا تنفست بيقتلوها ؟؟؟,3,Yemen
221,بتعرف انه يا ريتهم يلتزموا بحديث الرسول عليه السلام واذا بليتم فاستتروا ..,0,Jordan
222,وفعلا لبنان صارت بلد منكوبة بالتفجيرات والاغتيالات يلى بصير فيها,3,Syria
223,بس أهم شئ عندي الأشياء الثمينة اللي موجودة فية,2,Saudi Arabia
224,تفكر ابعد من هيك يا صديقي احسن ما تندم يوم من الايام,3,Jordan
225,انو فكرك لو صدر هالكلام على لسان شي وزير مسلم كان رح تكون ريحتو غير ؟,3,Lebanon
226,إلا أن يثبت أنها زوجتة فقط فهنى,2,Modern Standard Arabic
227,أم الأوقات يلي بعيشها مع يلي بحبهم,0,Palestine
228,لاسباب تتعلق بظواهر طبيعية !!! بقا ليش مستغربين !!!,3,Iraq
229,بس لسا مو مغطية كل المناطق ، لساها فترة تجريبية بركي بتزبط و بتشموا ريحة باطكن شوي,0,Jordan
230,بدي عيد على جوز رفيقتي ابو زهزهز,0,Lebanon
231,و ما تسألوني ادي عمرو لاني ما بعرف,3,Lebanon
232,تحياتي للجميع و لسفارة سورياعلى الانترنت « شبابلك »,0,Jordan
233,و لوقتها انشالله بكون اتعلمت الدبكي مظبوط حتى ندبك بعرسك للصبح,0,Lebanon
234,مو لأنه خاين لأنه هو أكبر حرامي هو وولاده,3,Syria
235,بس ملاحظة للأخ «sooon» شريك ... مشاركتك اجت لهون بالغلط ... ياريت تنقلها لمكانها بس شكلها حلوة,3,Iraq
236,في اطيب من الشاورما ،,0,Jordan
237,بس ماعليش خيرها بغيرها والبركة في الموجودين وخطوة,0,Saudi Arabia
238,يعني يمكن لو حادثة فرديّة، بيتعلّم صاحبها من كيسه،,3,Saudi Arabia
239,يعني برايكن مين يلي بيخالف,3,Palestine
240,ياترى وين كنتو وقت كانو عم يركبوها ؟ اكيد ماركبوها بساعتين مو ؟؟؟,3,Jordan
241,صبييّ فايقة من النوم بكير,2,Syria
242,يعني مافيها شي مميز ولا هي شغله نادره عنا بالبلد ههه فكرت في شي جديد,3,Oman
243,ولا تعمليلك مصيبة,3,Tunisia
244,مارلبوروا أحمر جتان التقيل وينستون دفيدوف دنهل,2,Lebanon
245,وليليليليليليليلششش اويها وطبخنا محشي اويها وعبينا كرشي,2,Morocco
246,إهاه خلي هالأجواء تتعطر شوي ...,0,Lebanon
247,و الهم هودي اللي نسيو حلهن سبقتهم السنين هودي مش هني صحابو,3,Lebanon
248,والله ازا في مجال لفنجان قهوة تركية وبدون سكر بكون ممنوك كتير تعــو نحكي وندردش بالفلسطيني ههه على فكرة عجبتني كلمة متجليين زمااان ما اسمعتها بس منك زي العسل,0,Jordan
249,انا يا سيدي كنت عم اقرا بدليل الصفحات الصفراء فشفت اعلان لموقع الكرة السورية ولما رحت عالموقع شفت اعلان شبابلك ... شكرا لاهتمامك اخي وسيم,0,Syria
250,أنو تكون هاملة بيتها وملتفتها لشغلها ...,3,Syria
251,بس المشكله انو ما يكون بحب بطنو كتير,3,Jordan
252,انشالله كل ايامك اعياد ويبئى ئلبك دافي متل الكستنايات اللي وزعتيلنا هن بكل المناسبات,0,Lebanon
253,رح قلك جوابي هون بيكون مميزز بردودك الي بتلجم ...,0,Lebanon
254,كل واحد بقول عن حالو حمساوي بكون عميل وحقير,3,Palestine
255,حاكم على كوع ركن الكوكتيل حاطين دورية,3,Lebanon
256,هية للمسؤولين اللي حضروا والأصوات العالية والضجة كمان,3,Syria
257,بس المشكلة انه في ايدي كبيره عمتدخل مازوت على الشام تحديدا,3,Lebanon
258,بروحوا على الدكتور طب المرض هو من حكمة الله,2,Syria
259,وباعتزالك ولاعزاء لهم,3,Yemen
260,اول شي الجلد بحقو والتهجير من البلد,3,Syria
261,و من قلبي بشكرك موون,0,Lebanon
262,وهي بتضل امنية ياريت ياريت تلبيلنا هالامنية,0,Syria
263,رجاء اللي بيعرف مصدر هالأحاديث يسعفنا وأنا له من الشاكرين,0,Syria
264,ودمت ودام ابداعك حروفك,0,Morocco
265,أهلا بك في ضيعتنا ...,0,Modern Standard Arabic
266,بشك انو في حدا بيستخدم الانترنت هون و فورا بمل و بيعصب ...,3,Lebanon
267,ومتل ما قلت احدى الاخوات تحاول مرتو تقعد جنبو وتطلب منو ان تتفرج معو لما بيدخل هيك مواقع,3,Jordan
268,لأنك عاطل وخسيس و ندل وماشي على مبدأ أظن بالناس كما أظن بنفسي,3,Yemen
269,أهلااا بأخي الحبيب أمير العييين يعني نحنا الاعضاء العاديين مالنا معنيين بالموضوع ومع هاااد كلووو اهلااا وسهلا فيك أميرووو أخوك الغضب سلااام,0,Syria
270,على فكرة لابئلك هالاسم !! كتير لزيز,0,Lebanon
271,انا كتير معجب بالفكرة حتة قبل ما تنطرح,0,Jordan
272,كنت رح فوت بالحيط أنا كمان !,3,Syria
273,شباب بس يبدؤوا البث كلكم تاعو إدام الكاميرا مشان أشوفكم مو ،,2,Syria
274,شكرا كتير على هالاستراحة الحلوة لازمنا بعض الترفيه بس مع نفس معسل بحريني وقهوة سادة على كيفك مشان ناخد اول ونبلش,0,Syria
275,وللجميع يلي بعد ما عرف حنااا يتعرف وما بيندم,0,Tunisia
276,وأروع شعور,0,Syria
277,وانجاز انهن وفروا ٣ مليارات ،,0,Iraq
278,اللي يجاوب يقول بصراحة ...,0,Saudi Arabia
279,و عقبال ماتخبرنا انك راجع ...,0,Jordan
280,هي أنا جبت الكاتو واجيت وين القعدة خينا رشيد ،,0,Egypt
281,«بتضحك» ... و«بتبيع» ...,2,Palestine
282,بيتصلو فيني الأهل عالموبايل ...,2,Syria
283,احنا عنا شوارع للمشاة و أرصفة للسيارات حيث نادرا ما يتم استخدام الرصيف للمشي ...,3,Palestine
284,عنجد مو ضوعك حلووو كتير,0,Lebanon
285,السلام عليكم احلى جورية ... دايما بتغمرينا بالبك الكبير الف سلامة لبشار ٩٩ وانشاء الله ربنا بيعافيه وبيرجع للمنتدى متل اول واحسن سماااح,0,Syria
286,و بكل عضو عم يدخل على منتدانا الحلو سواء كان قديما,0,Palestine
287,والله الناس بتحكي وبتتأمر بتلاقي الشب يحكي,3,Jordan
288,و الاصل يقوم هدا الحب على قاعدة الزواج ،,0,Libya
289,هدول لازم ننظرلهم نظرة اكبار لأنهم إخوة إلنا جار الزمن عليهم ولازم نجيرهم .,0,Jordan
290,يعني من زمان بدي أتغزل برائحة بيروت ،,0,Palestine
291,شو هاد كلو أخي هادي يعني كتير معذب حالك دخلك من شو بتشكي البسكليتي,3,Syria
292,أنا اللي بشوفه أنو معظم الشباب اللي عميجو على الخليج مو راغبين بهالشيء,3,Jordan
293,بحب قول للسيد الحسين حاول شي مرة تطلع عالعالم الطفرانة من تحت مو من فوق ...,3,Syria
294,بصراحة .. لا تعليق لدي ..,3,Modern Standard Arabic
295,ان شاء الله ربي تكون الضروف تحسنت الي الافضل,0,Libya
296,وانصحيهالما تحتاج نصيحة,0,Saudi Arabia
297,و كونوا مذكور بجريدة ما بيعني انو صحيح و خصوصي انو غير واقعي ابدا,3,Lebanon
298,وكل ما اسأل مختصين يقولولي مو سمعانين فيها,3,Saudi Arabia
299,بس التنبيه لحتى تنتبه أكتر المرة الجاية الظاهر انه الرقص مع الذئاب كتير عم يأثر عليك ...,3,Syria
300,و الله يجعل كل ايامك فرح و سعادة و نجاح كمان,0,Jordan
301,مو التعصب الاعمى الي بيدل على التفاهة وعدم الانتماء للاشياء القيمة ..,3,Iraq
302,والاغلب نهريب والاحسن انو عم يجي وباء على الفروج قبل ما يكبر,3,Jordan
303,لك تاني شغله هو لسا بالانعاش,3,Lebanon
304,ممكن ينفر منو واولهم اصحاب التعليقات المثالية,3,Iraq
305,حسيت بنفس احساسك,0,Saudi Arabia
306,مو كل اصبيعك متل بعض يعني اذا أنتو بتعرفو قصة,0,Syria
307,قلت وصلت لنا الازمه العالميه,3,Yemen
308,يالله حاجتكن اليوم بنكمل بكرا,2,Syria
309,لانو الشب و الشبة بكونو في سن مش قادرين يحددو شو الي بدهم ياه,3,Palestine
310,نحنا مش عم نعمل فحص بالمدرسة ..,3,Jordan
311,عن حالي بستخدمو عادي بالعكس أئرب العيله المشتته بأنحاء المعموره,0,Lebanon
312,اللله يعطيكي الف عافيه يارب,0,Yemen
313,بعدوا بعدوا لحتى اسبق جوريه الف اهلا والف سهلا بهالطلة الحلوة بيناتنا,0,Lebanon
314,أتمنى أن تتحققي كل ماتصبوا إليه نفسك من آمال سناء,0,Modern Standard Arabic
315,يمكن لأنه في الغدره مأحد يشوفه او يمكن مرد ذلك للأسطورة القديمة عن الرجل الذي يتحول الى ذئب عند اكتمال القمر اخوك ابو عبدالله,2,Oman
316,خدوه على ئد عقلويعني في عاقل بيعمل هيك شي ؟,3,Lebanon
317,و بعدين بيجمعوا هي الشغلات و الألوان بكتاب و بيعرضوه على دور الأزياء العالمية,0,Palestine
318,بس اخليكم مع الصور,2,Jordan
319,تمنياتي لكم بالتوفيق والسعاده,0,Yemen
320,يعني كل هدول ما بيعرف كل واحد يأبدع لحالو,3,Jordan
321,هدول شخصين مو واحد متل ما مبين للوهلة الأولى,2,Syria
322,إذا كان مش مهتم بالمرة ..,3,Algeria
323,بصيروا بدون يوقفوا ضد هالتعليق ...,3,Syria
324,بكرة بيعملو شلة لحالهم و بتشتغل حرب النقّيفات بالمنتدى,3,Jordan
325,طلب واحد بس تروحي و ترجعي بالسلامة مش أكتر علشان ما تقل عليكي اوكي ؟؟؟,0,Egypt
326,تحية طيبة، خلينا نرحب بالآنسة ساندرة كفرد جديد في عيلتنا يلي عم تكبر، وعم نستنا منك آنستي الكريمة مايفيدنا بإذن الله تعالى، ولكم السلام، إياد,0,Syria
327,عمو أميررر الحباب كل عام وأنت بألف خير يارب وعقبال ما تفرح فيك الفرحة الكبيرة ونشوف ولادك عم ينطو على اكتافك يارب تحياتي,0,Lebanon
328,كلهم نجحين,0,Saudi Arabia
329,لتكون نازل بشي نفق وعم تكسب دولارااات,2,Syria
330,بس لازم يكون مترجم,2,Jordan
331,والله الهيئة دم حامي و ما بتقبل انتقادات يعني والله مالنا غير نحكيلك معو مافي كلام,3,Lebanon
332,لكن شو الواحد بدو غير هيك يارح يخجل ويترك الفرجة ...,3,Lebanon
333,انا بقول بيكفينا ٨٠٪,2,Egypt
334,والله خليتني اشتهي قرص العجة,0,Iraq
335,وما كانت انتي بس تشوفيها بلشت تبهدل هربي من الواجهة لحتى تهدا,3,Lebanon
336,أخي ، متل ما أنت رضيت تابع معاها بالرغم من عدم عذريتها,3,Jordan
337,أخي «batman» كل عام وانته بالف خير وينعاد عليك يا رب بالخير والبركة,0,Jordan
338,ولو زياد كنت تخبرنا كنا قمنا بواجبنا وزرناك بالمشفى او حتى بعتنالك بوكيه ورد .,0,Jordan
339,علي العموم طموني موضوع عن جد بجسد المراءة الاردنية الفلسطينية,0,Libya
340,بس شكلو حلو عجبني ،,0,Palestine
341,الهدية مابنردها,0,Qatar
342,هه و رح االب الشحاطة منشان تقوى الخناقة اكتر و اكتر,3,Lebanon
343,وبدون غلط على التاني,3,Palestine
344,حلوة هالقصة كتير دمدوم,0,Lebanon
345,بكل الحالات .. أنا معكن ..,0,Syria
346,ان شا الله كل عام وانتا بخير حبيبي وسيم وعقبال المليون سنة تقبل مني هالهدية البسيطة بتمنى تعجبك انتظر لتحمل الصورة مشان تمارس هوايتك,0,Syria
347,أحييك يا صديقتي الجميلة والمتألقة على مر الكلمات حكمت داوود,0,Yemen
348,واتفرج على هل تلجات الله يبعت الخير لهل بلد,0,Libya
349,الي بدو حريات يروح يشوف الحرية الغربية الي هو وغيرو متشدق فيها ويشوف الانحلال,3,Oman
350,مافي أي رشاوي من ورا هل تخبايه ؟؟ «3-» انخفاض في عدد الحوادث ؟؟؟ «4-»,3,Oman
351,خاب ظني بك يا عفش طلعت متل اللي قبلك بلش التأمر على نادي الجزيرة هذا شغل حموات ، لأنو بتكون حماتو اللي بلغت عنو,3,Lebanon
352,انو اجينا عالمشفى مشان نبدأ الشغل,2,Syria
353,ولا نجعل الدين مبرر لفرض ارائنا على غيرنا,0,Modern Standard Arabic
354,وياريت غرفة بالفندق للرجال المتزوجين ...,0,Iraq
355,يعني بالمختصر ... سطحونامنشكيون لا لله,3,Morocco
356,شوفي يا ستي هاد بقولك في مرة واحد محشش متردد يقطع الشارع راح قطعه فدعسته سيارة فقال وشرفي كنت عارف,0,Jordan
357,وهيك بتضل الوحة خلنج ..,3,Syria
358,و هذا الحمل يحدث الآن في مجتمعنا كثيرا و مع المراهقات تحديداً بسبب الجهل !,3,Oman
359,حي و هيلموهم زي تعون كرامة !!,3,Libya
360,بالطرح بس ما كتير لقيت انو في مبالغة,2,Jordan
361,لك شو هاد صراصير مشويه ...,3,Jordan
362,ةممكن اي شخص اذا عجبو موضوعو يعلق,2,Iraq
363,من بعد غيب الت اول مشاركة بدي ارجع حطا بدي حطا بموضوعك ...,0,Lebanon
364,مين يحرررنا الوجوه البريئه الي متلي ومتل بنت فلسطين بتنسجن قلولي بلا,3,Lebanon
365,وعلى فكرة لاحظوا شباب وصبايا لما الواحد بكون بمزاج سيء,3,Jordan
366,كنت كل ما شغلة كهربائية تنتزع ، جيب شنتاية العدة وفك ، من اصل شي ١٠٠ قطعة يمكن مصلح معي شي ١٠ ، اما الباقي كان يزيد غراض بعد ما سكرهن ، ما اعرف وين بدي حطهن !!!,3,Lebanon
367,ولو فكر شوي بلاقي انو كان لازم يقتل حالو ١٠٠ مرة قبل ما يقتلها,3,Jordan
368,ممم الانانيه شغله نسبيه يعني في رجال انانين,3,Libya
369,اهلين ابو الزوز وان شاء الله اتكون مبسوط معنا ال يعنى انا يلى معمرة بهالمنتدى ههه لا بس بجد منتدى حلو وبسعدك,0,Iraq
370,المهم الله بيعين واقع ولازم نعيشوو ...,3,Libya
371,وراغب الموجب اول مين رحب فيني ...,0,Yemen
372,وبتمنى تكتب الهطولات المطرية والثلجية تكشف عيوب الطرقات والصرف الصحي في كافة المحافظات,3,Syria
373,فشلون إذا دقوا الخمسة سوى !!!,3,Syria
374,وارجع شوف الفرح والأبتسامة على وجه . ...,0,Jordan
375,ومابعرف اكتير شغلات حدا يدلنى,2,Lebanon
376,لألألألأ يا فاقد ولا ماتتهابل اليوم بقا بدو يسلخنا ويعلقنا .. ههه متوحش الزلمه هادا بعدين بخفف دم بقول ليش جيين قلنالو مكع الزهق,3,Lebanon
377,ويلا نحنا شعب لو شو ما تغنى منرقص عليه,0,Lebanon
378,بس هادا الرجل اللي راح وخطبها,2,Saudi Arabia
379,وهو لحالو اكيد رح يعرف غلطه,3,Lebanon
380,يعني اذا انا هلئ رحت نبشت زبالة بالشارع وفي منتصف النهار شو رح يكون العقاب يا ترى ... ؟؟؟ لم الزبالة من اول وجديد !!!,3,Jordan
381,الاسعار هو انو ما انخفضت وانو يمكن بس جارك حابب يعمل تنزيلات,3,Palestine
382,ولا الناس ماعادت غير تشوف يلي بيهمها وهاد مجرد رأيي,3,Syria
383,ولن أخفي عنك هذه القصة لربما حقيقية ؟؟؟,2,Modern Standard Arabic
384,ان شاء بالروية ما تكون من الخسرانين تسكن عند امها لفترة هيدي صعبة شويي,0,Lebanon
385,بعدن تقريبا بكل شي واكلاتن طيبين ي وبيكرهوا السورية كتير «:walakelmi:»,3,Syria
386,وقليل الأصل سيرضاها لانو مو خسران,3,Oman
387,مش لهل الدرجة ، بس أنا اللي بعرفوا انو هيدا أبسط الشي بينعمل هو تأمين خط إمدادات دائم للأسلحة لا يتأثر بالحروب !,2,Lebanon
388,مهضومين الحماصنة مش هيك ؟؟؟,0,Syria
389,لعم يصير انه الدول الغربية عم تحرك المتعصبين بالدول العربية,3,Syria
390,للأسف مابظن,3,Syria
391,وهو بغزة انها تستقدمه كونه يعتبر زوجها وتعطيه اقامه غير هيك ماراح يقدر يجي,3,Iraq
392,ايه فهمانة عليكي .. مشان نتقل الهدايا بركي بترضي ..,0,Syria
393,وكل ماصار سوء تفاهم بالخطة بينزل حضرتو عالملعب وبيحل الامور بمعرفتو ههه,3,Lebanon
394,لولي بربي هاي نهفة ٢٠٠٨ ههه بجد شو هاد بس كل بلد الها عاداتها و تقاليدها الله يكون بعونهون مشكووورة لولي,0,Palestine
395,وأنا بدوري بتشكركون فردا فردا ...,0,Syria
396,فالإنترنيت رح يخفي كل المحادثات اللي بتصير ...,3,Syria
397,وان كانت زنت فتعاقب هي والزاني,3,Modern Standard Arabic
398,وتخيريه اذا ما بتأدري تستمري بهالشكل,3,Syria
399,وبالنسبة لموضوع الهرمونات ، يوم الجمعة خلصت منهم ، بعد ماطلعولي روحي وبأكدلك و حسب مادرست و قرأت وسمعت انو كلامك صحيييح,0,Lebanon
400,للليش ... أنا ناجح في الثانوية عقبال الابتدائية ...,0,Saudi Arabia
401,«2-» اذا ما فينك تقتليها استاجري قاتل مأجور ليقتلها,3,Yemen
402,يعني لا هيك عاجبكن و لا هيك ...,3,Jordan
403,لا تزعلوا,0,Tunisia
404,وبخص بالذكر المشرفين العامين كلهم زوء على حالو «[/grade]»,0,Lebanon
405,إزا ما ساعدوش بحل بمشكلة وهم مش رح يعرفوا يساعدوا لأنهم مش طرف بكل التفاصيل,3,Lebanon
406,بالزورق تبعو بالبحر بدو يصيد سمك آم صاد,2,Lebanon
407,وصار لي كام سنه بيجيني اكتئاب بهيدا اليوم لانه ماحدا بيتذكرني الى أهلي الله يخليهم و يخليلكم,3,Lebanon
408,ألف مبروك أخي عصام انشالله بتشوف على وشها الخير تربى بعزكون ودلالكون,0,Lebanon
409,شو نسيتوا قصة عصفور بالإيد ... ولا ... عشرة عالشجرة,2,Syria
410,آل شو سيارتو تحت لازم يتحمل حمود ربك,3,Lebanon
411,بس مثل ما بيقول النثل شو جبرك على المر إلا الأمر,3,Lebanon
412,لا توجد اسئلة محرجة ..,2,Modern Standard Arabic
413,وبهذا والعلم عند الله انو هاي معجزة ربانية لاثبات كلام القران عند الغرب,0,Iraq
414,ولادك بايدك الهي يلا شباب لفّو علي لنعملو أحلى عراضة لشوف ،,0,Lebanon
415,امر عيونك يا موجات البحر تسحرني,0,Iraq
416,البنات الصراحة عقلهم خفيف ونسبة تفكيرهم,3,Iraq
417,بس ايد وحدة ما بتصفق,3,Jordan
418,من يدري ما يحصل داخل كابين السيارة,3,Oman
419,السمر احلى مووو سلااام,0,Qatar
420,كيف اذا واحد منن حكم العالم,3,Algeria
421,وخاصه وقت بتشوف انسان كتير محتاج او وقت بيطلب منك مساعده ...,0,Libya
422,ورائحة بتجنن الجهاز عندي صارت ريحتو مسك وعنبر ...,0,Palestine
423,مافينا نصنع شي ليه الاعتراض ياعالم ...,3,Syria
424,واذا في ناس بدهن ينالوا منها,3,Jordan
425,حبهم برص ،،، شو اعمللهم يعني ؟,3,Jordan
426,وشكرااا للجميع ولأبو أنس بس لسا المشاورة إلها منفعة ٠٠٠٠ باي,0,Syria
427,وشورائكم بالصور الي حطيتها حلوين ولا مو حلوين,2,Oman
428,اخوتي الأعزاء اقدم لكم اقوى كتاب عربي لتعليم ثري دي ماكس,0,Saudi Arabia
429,وطريقة لايصال بعض الدعم المادي لهم لمتابعة علاج نور,0,Saudi Arabia
430,انا برأيي خلي عم يشتغل هيك أحسن ما يروح للسرقة و النهب ..,3,Palestine
431,كلا ان الحرب لم تنتهي ..,3,Modern Standard Arabic
432,بعدين حرام عليكووو كل هاي اسئلة,3,Jordan
433,وحاسس بثقته بنفسه,0,Saudi Arabia
434,ولا تسالو عن المصايب المشكلي مو بالطريقة المشكلة بالاهمال,3,Iraq
435,خلص لا تضلي تحكي في نفس الموضوع,3,Jordan
436,لزقوا بالحيطان ولا حس ولانفس هيك شي نص ساعة ،,3,Syria
437,اللي سرق البلد ١٥ سنة من الغباء ترجع تأمنّوا على سيادة بلد ...,3,Egypt
438,بعض الاحاديث الجانبية على المسنجر,2,Iraq
439,واذا منت متذكرني فهذا من جودك وحسن نيتك,0,Oman
440,باختصار ما اشتغل ..,3,Yemen
441,يللا روح بلا كسل,3,Syria
442,هالسؤال جاوبت عليه قبل هيك بس كرمال عيونك راح اعيدو,0,Jordan
443,و كل مين فيه يصلي ببيتو اللا الجمعة خدو سرفيس واطلعوا عجامع تاني,3,Lebanon
444,مبروك لميس لأنك عروس و ألف مبروك لأنك شطورة ...,0,Palestine
445,بس انا من الناس يلي مستحيل يسأل عن السبب,0,Palestine
446,بقولولك ياااي .. حضارة .. أكابر وغيرو,3,Lebanon
447,يعني بيسو عم نحتفلك ونعملك طنة ورنة وأنتة ولا هون,3,Palestine
448,ماشاء الله عليكي يا حلوه شو صايره مواضيعك كتير حلوه,0,Lebanon
449,حلوة القصة ومهضومة والفكر والقلب دائماً,0,Syria
450,وتبقى لكل لهجة حلاوتها وميزتها,0,Iraq
451,يعني نحن بكل البلدان العربية عم نحكي على الكبت,3,Palestine
452,شو هادا اللى بتحكيه حشيش !!!,3,Jordan
453,وكل يوم بيعانقوا المخدة وبيبكوا بتعاسة لأنهم محرومين من الشريك .,3,Jordan
454,بس والله الكمبيوتر كان شوي مرضان,3,Syria
455,بس الأسوأ انو في ناس ما بيقتنعوا انو هالنار بتحرق لحتى يدسوها بايدهن !!!,3,Lebanon
456,و معجب برسوماته الجميلة بس بدي منك تزودني بصور كمان و بكون ممنونك,0,Jordan
457,والي طلع مع مجلس الجنوب انو التعويضات والعلاج بيطال الام فقط لانها لبنانيه,3,Iraq
458,وعقبال ما تفرحوا فيهن بالشهادات العالية يا رب,0,Syria
459,ليش وين انت مقيمة ... إزا انت بحلب لسمسلي عليها دخيلك خيتو,0,Lebanon
460,إلي جاب الأجانب هم أسيادك المتآمرين على الوطن لصالح كراسيهم,3,Libya
461,لأ زودوها بقا ؟,3,Egypt
462,يعني ما عاد نستبعد نهائياً إنو أي شي أميركي من شوكولا أو غيرها يكون في دهن خنزير أو شحم خنزير ،,3,Syria
463,هاي امي بتضل تحكي بيحب الكَبره ولو على خازوق,3,Jordan
464,دعوت لك فى الكعبة ان تنالى الخير ممن تدعون الله به ...,0,Egypt
465,و لكني احب لارض التي تررعت فيها و اكلت من خير ارضها,0,Saudi Arabia
466,وانا جاهزة عيوني لاي مساعدة وبطيارة بجيكي اذا بدك,0,Syria
467,فقت الصبح فكرت أنو أنا كل يوم بفيق بكير وما عم بشبع نوم,3,Syria
468,وشكلكم انبسطوا كثير تحت الشجر على حرف المي ...,0,Jordan
469,معناتو جرح السماء قفشكون شو قفشة بتسوا بلاوي,3,Lebanon
470,صار بدي اجازة لمدة اسبوع على الاقل ...,0,Jordan
471,ولم تنظم ولم يستفد منها المتضررون كما يجب,3,Modern Standard Arabic
472,احيانا الواحد بيضطر ينزل,2,Jordan
473,كلك زوء لعرض هذه الصور ريمون انا عندي شوية صور بس والله ما اجاني فكره نزلون وبهيك عنوان بس والله حلوين ههه,0,Iraq
474,ومش أنا يلي بحاسب ولا بكفر ..,3,Syria
475,الله يحميه ويقويه وإنشالله رح يكمل ابنو دراسة وياخد أعلى الشهادات وبالمستقبل يفتخر بإنو عملو البسيط الشريف قدر يعمل شي ما قدر غيرو يعملو,0,Lebanon
476,وبيتسرح كم دكتور من الجامعة .,3,Jordan
477,لك لعيونك أشو بدك جاهزين بأمرك,0,Syria
478,لانو ما خرج نلاقيها بالكتب الخبرة بتلعب دورها ... مو هيك,2,Syria
479,ماعليش ارجعت بعد ظروف اولها ضغط عمل ...,0,Saudi Arabia
480,وبكون الهم قواعد وبهيك بنكون بناسس لشي اجديد على النت,0,Jordan
481,خدمة ضعيفة مبدئياً ..,3,Algeria
482,جارنا فودووو استلم دكانة جديدة و مسميها تكنولوجيا مرتين,2,Sudan
483,الاصغر ديما معزوم ما بيدفع انا,3,Lebanon
484,فشافوا تجار السوق وسألوه شو صاير لحمارك فقال بكل هدوء وثقة متل مو شايفين ..,2,Syria
485,عموماً في كتير مواقع بتعطي بريد مجاني,0,Jordan
486,وبأذن الله تنجحين,0,Saudi Arabia
487,وبما أنو لسا باب التوقعات مفتوح ..,0,Syria
488,بعدين هي معلمتي فهمتو يعني شو انا مافيني بلاها هون,3,Syria
489,يلا لنشوف ورجينا همتك بتزويد المنتدى بكل جديد في عالم الجوالات,0,Syria
490,بس ما تكون من المشاكسين جمعية الدفاع عن الرجل ؟؟؟,0,Iraq
491,لسش انت عايش بعهد الصحابة رض بدك شهود وحدود,3,Lebanon
492,بشكرك كتير على هاد ألتعبير والروح الوطنيه …… .,0,Jordan
493,سؤالي هل تظنون هذا الشخص راح يرمي فلوسه في بيته مثل ما يرميها على هذه الغزاله ههه,3,Iraq
494,وفي عيد ملادها جبت الها هدية وقلت الها مش زي بعض ناس ما افتكرنا عيد ميلادهم,0,Palestine
495,عندن خبرة بهل مجال و بيضلن رايحين جايين ..,0,Lebanon
496,بعدين الثاني كان جيد بس خربوه لما اموحتب راح يحارب الملك العقرب,3,Iraq
497,اخاف من اخرتها والله العظيم عاش المليك للعلم والوطن ...,0,Saudi Arabia
498,كل عام وانت بخير لا ماحلوة الكل قالوها شو بدك تكتبي ياتومي الحبابة ... ؟؟؟,0,Lebanon
499,ههه لا مو معقول أخي عزيز يعني مخبي عيد ميلادك كل الوقت,0,Syria
500,للشهادات العليا ماجستير ودكتوراة,2,Saudi Arabia
501,فهل بتقبلوني ولا ارجع من مكان مااجيت,3,Oman
502,هلى وياكم يلذ العيش ويطيب ونسايمكم تداوي الجرح ويطيب,0,Iraq
503,قال شو قابض من طلاب ومو منجحهن ... أي لأ ..,3,Lebanon
504,نحن بنحطك جوات العيون ...,0,Sudan
505,ههه طبعاً ما حدا بيقدر يرضي النساء بنوب بيعينا الله عليهم ...,3,Lebanon
506,يعني لك عم امزح و لا يهمكم,0,Jordan
507,لو بدي احكي ما بخلص ...,3,Jordan
508,بعدين الموضوع ما مستاهل حكي,3,Syria
509,هل ترغب فى الاستفادة من مدونتك فى تحقيق عائداً مالياً من الاعلانات,0,Modern Standard Arabic
510,و المفروض هالطريقه تشتغل لان انا اوقات بفوت ع البريد عن طريق موقع الجمعيه نفسو ،,3,Iraq
511,اهم مش لازم نغض نظر على ايا شي منحس,0,Libya
512,الله وحدة يعرفها وفقط,0,Saudi Arabia
513,أصلا بهالحالة نحنا منكون عم نعمل شغلة أبشع من الشغلة يلي عملها هو،,3,Syria
514,بس بالاخر اكيد كلشي بينكشف حبل الكذب قصير ولو على النيت,3,Syria
515,التقينااا في رومكي والتقينا في منتداكي,0,Saudi Arabia
516,بس نورتى وربى وبتمنى الك كل حيااة سعيدة ودايما تظل بسمتك مرسومة,0,Egypt
517,الله يكون بعونو لانه مابيعرف ولا واحد مسؤول في الدولة ...,3,Oman
518,حتى اللي بدو يفكر يأذي اي طفل يكون حاسب حساب انو مصيرو الاعدام,3,Jordan
519,عفوااا والله نسيت قلكن انو الدعوة مجانية,0,Syria
520,بسسسم الله الرحمن الرحيم اصدقائي الغاليننن العزيزة سالي,0,Saudi Arabia
521,معقول هلأ هيك مشروع متل هاد صار بسوريا ؟,0,Jordan
522,بس شعب غزة شو دخلوا برئيس مصر مش عارفة,3,Palestine
523,وفعلا لو كانت البنت محترمة بيخف هالموضوع بس لا يخلو الأمر من بعض التافهين ...,3,Syria
524,وكانت الجامعة اللى بدرس فيها فيها ١٧٠ طالب وطالبة فلسطينية,2,Egypt
525,مو فرض كفاية,2,Qatar
526,انشالله تروح وترجع بالسلامة وصدقني رح نشتقلك ولا تنسى بس ترجع تجيبلي معك هدية بس تكون محرزة مع تمنياتي لك بالموفقية,0,Syria
527,هل من المقبول أن يتجاهل الرجل مسؤولياته,3,Modern Standard Arabic
528,و يا صباح احلى كاسة شاي اكرك عجم رايق,0,Tunisia
529,وما تنعاد بأي مرض ...,0,Syria
530,بس انو احكي ان شالله للحيطان,3,Jordan
531,وتانيا قاطراتنا يا جماعة والله تعبانة,3,Saudi Arabia
532,خلو العالم تسترزق يعني عالم بتلون شوارعهاو بتفرح,0,Palestine
533,لانو ابي اتوفى وانا صغيرة,3,Saudi Arabia
534,انا اعرف الشيفرة للمنتجات الدنيماركيه بس هاده اول مرة اشوفها,2,Egypt
535,ونحنا بنحب مواضيعك البنائة ...,0,Palestine
536,رح يجيبها لأخواته الصغار,0,Syria
537,لازم يكون للفريق الطبي الي شكلو بعيد كل البعد عن الطب,3,Jordan
538,بس اكيد يلي انكسر بعمروا ما بيتصلح .,3,Lebanon
539,وبيبطلو هالمعاملة الهمجية مع الطلاب,3,Syria
540,لأن عن جد في كتير ناس بيفهموا صفة ناقصات عقل و دين,3,Palestine
541,ولك مو حرام عليهون حاجزين مقاعد بالجامعة ومانعين آلاف مؤلفة من الفوتة على الجامعة,3,Syria
542,غريب و حلو يلا ناطرينك مع كل جديد,0,Lebanon
543,انا برأيي انه الجمال موضوع نسبي ..,0,Jordan
544,بزعل منك بعدين وبقول عنك شرير .. متل عمو أسامة,3,Syria
545,مين بيرضا ان كان مسيحي ولا مسلم,3,Egypt
546,أنا أصلا من بيئة ١٠٠٪ مسيحية موارنة و تربيت ببيئة ١٠٠٪ سنية و درست بمدارس ١٠٠٪ روم ...,0,Palestine
547,وفي النهاية الاولاد اذا شافوا انو اهلهم واثقين فيهم ما راح يعملوا اشي خطأ,0,Jordan
548,كمان بعدين يعني كل سنة نفس القصة متل يلي عم ينفخ بقربة مقطوعة معها معها بتصير,3,Syria
549,بدك مين يعلق عليك !! والله الأحرى أنو الناس تعلق عل يلي كاتب المقال . لأنو في ملون خطأ أملائي !!!,3,Syria
550,أي و النعم من هيك ذرية,0,Lebanon
551,بس برأيي تقوم من عالانترنت وحاج تتلهى ...,2,Syria
552,ولي عليك يا ديما منين بتنبشي هالخبريات .,3,Lebanon
553,وتعبن بالدراسة والجهد والسهر,0,Iraq
554,وكمان صرنا بعصر صار في الف ومية طريقة لتقدر تحتك بالشخص المقصود,0,Jordan
555,حاكم الرجال مالهم أمان,3,Tunisia
556,يعني لو ماعنا امل ماكنا عشنا لهلأ,0,Yemen
557,فيك تترك تدينك لنفسك ؟؟ ..,3,Lebanon
558,وبشكركون لارائكم ومشاركاتكم الحلوة,0,Jordan
559,الله يفك اسره ...,0,Yemen
560,و الله يهنيك بسلامة رشا يا أبو محمد ..,0,Libya
561,خلينا نتطلع على هل الأيه نسجد لك أيها المسيح ونباركك .,0,Libya
562,قريت اسمي أيهم ههه على كل حال انا رأيي انو حب الرجل دائما أقوى مو,0,Jordan
563,نسيوا ألمصحف ما عندهم وقت,3,Syria
564,مش غلط يكون اقلها مرتب,0,Egypt
565,مو ضروري يمثل شخصيته ونشوفه عم بلقي شعر درويش,3,Syria
566,حتى بلادهم يلي كلها علمانية بحياتهم ما اعترضوا على هالشيء،,3,Syria
567,مفهوم الدردحة بإختصآر في الوطن الغزآوي كالآتي,2,Lebanon
568,و أفكاره معروفة بوسطيتها واعتدالها و قربها من العقل والمنطق,0,Sudan
569,في يهود محترمين و في مش محترمين,1,Palestine
570,ما بيصير هيك بنت بتموت وابن صار بال,3,Syria
571,من رئيي انا يقمو الطلاب بعمل إضراب عن الدراسة في جامعة الأزهر ويثم فصلو عن العمل عشين يعرف شو هو الحصار,3,Tunisia
572,يلله معلش ، كنت حابة قلك كل عام و أنت بخير يا عدوي اللدود !,0,Jordan
573,بس الوقاحة توصل لهون !!!,3,Iraq
574,و عقبال ما تبقى متجدد و معطاء دايما متل ما بيدل اسمك,0,Lebanon
575,ويحسب للسعوديين حرماننا من الكرة اخر تلت ساعة من المباراة,3,Saudi Arabia
576,بس اللي لفت انتباهي خفة الدم وحبوه للكاظم الساهر,0,Iraq
577,واذا دل على شي فهو بيدل عالاستهتار من قبل ادارات الكليات اللي بتضمها الجامعة .,3,Syria
578,ولك ليش فردة صدريتك لبرا ؟,3,Syria
579,كمان عصة قبر,3,Lebanon
580,و برجع بقول انا ما بيهمني شو الاسباب اللي دفعتو لهالشي,3,Jordan
581,وهذا من زمان كتير،وبعدين مابعرف ليش هالجدل,3,Syria
582,لا يتركون للناس حرية الإختيار،,3,Modern Standard Arabic
583,لسه الخير لقدّام تسرّب المي موجودة من أيام انجاز المشروع,3,Egypt
584,اما الخليوي فبتضحك هالشغلة شو السيد رامي رج يصير عندو ٤ شركات بدل التنين,0,Lebanon
585,والسلطة نسو فلسطين والشعب والقضية ولاشهداء,3,Tunisia
586,صدقيني بكرا رح تقلو الحركة الي عملتها بالدهب وتعرفو انو اغلب الي عم نسمعو كذب بكذب ..,3,Jordan
587,شو طابخين اليوم,2,Lebanon
588,و مبروك الفيزا,0,Palestine
589,أكثر من عنا بياخدوا معاهم فودكا على المقبره,3,Jordan
590,لأنو ما بقي الإيحاء النفسي,2,Syria
591,والحب بدهم رعايه وعنايه كل يوم مشان يستمر الحب ويكبر,0,Syria
592,انك مش عارف شو بدك يا ريّس لا تتنحى واستمر في نضالك الى ان يتحرر الوطن ونحن معك على الدرب سائرون,0,Oman
593,ختيار عمره ٩٠ سنة عم يحكي مع الدكتور وهو مبسوط,0,Syria
594,و طبعا مع التشديد على أهمية,0,Sudan
595,شو اخي انس عم تضارب عليي يعني ؟؟,3,Syria
596,هادا اللي جنيناه من كل الوعود بالسلام اللي شاطرين فيها,3,Egypt
597,يعني ما بحس تابع شغلة من الأول للآخير لأنو بمل ...,3,Syria
598,وعلى فكره اللي بدو ينشهر صار يتحجج بفلسطين,3,Jordan
599,أنا عندي الك حل حلو و بترتاحي,0,Palestine
600,لك الله يعين هالشعب شو بدو يستحمل ليستحمل,0,Lebanon
601,لحق حالك قبل فوات الاوان !!,0,Yemen
602,وناكل مع بعض خبز الطين وشاي وقهوة الطين,0,Saudi Arabia
603,صراحة انا متضايقة من هالوضع كتير,3,Jordan
604,شو ممكن يعمل فيه لانو هاد مو بس مجرم هاد رح يكون هو الاجرام بحد ذاتو,3,Jordan
605,بدي منك تعلميني كيف اساوي هالشموع الروعة,0,Syria
606,هادااا ااا لك معناتا مابتعرفنا لسى حبيب يا باطللل,3,Lebanon
607,وانشالله سنة الجاي روح على فيروزة,0,Syria
608,ممكن يرجعوا لبدايات مشاركاتهم ومواضيعهم,2,Jordan
609,ولا الحقباني والصقري ترجى من وراهم خير,3,Libya
610,والسبب انو شاطرين بالشعارات وبس ..,3,Jordan
611,وبالتالي بيرجع لعندك وانت اللي رح ...,2,Lebanon
612,يعني برايك انو الضرب الو فوائد تربوية مشهود لها في السنة و هناك احاديث تدعمها ...,2,Jordan
613,الحكومة ما بيقدروا ياخدو منها بسبب فياض,3,Palestine
614,أسوأ ما فيه مش ملاحظ انو عم تعمل اشي غلط,3,Palestine
615,بس لسى ما خلصوا الصور,2,Jordan
616,منين بدو يطعميا,3,Lebanon
617,اذا عم تسأل بتسمح هالشي لاختك ،,3,Syria
618,و مو مناسب هالموضوع لحدا غير لـ «Off» !!!,3,Syria
619,أنا مستعد كمان ادعو حالي وحضرتي وسيادتي وجنابي للاجتماع ..,0,Lebanon
620,«[8D]» لا وتحرض ميمونا علينا بعد اقول مو حاصلك القدو,3,Iraq
621,السائل الضعيف بطير مع الهوا والثخين بنرش على المنظر فبصير الرش محبب .. حبيبات صغيرة هاي الحبيبات على المناظر بتعطي ملمس التشجير ..,0,Jordan
622,السؤال الاول على طول .. وجاوب بلاش اعذبك على كرسي الكهربا .. خخخ,3,Egypt
623,ممكن تقلنا كيف اخترعت هالاسم الحلو مثلا ؟؟؟,0,Syria
624,يا شباب التلفزيون العربي السوري ماشي حالو ...,0,Algeria
625,تخيلوا ماحدكم يطلع بتكسي مدودة مهرهرة .,3,Iraq
626,المهم انا موتوني او ئتعوني بس ما حد يسب على اهلي,3,Lebanon
627,مارأيكم في الرجل الذي يبكي من أجل الحـــب ؟؟,2,Modern Standard Arabic
628,اه و الله ... شايفة يا نحول شو بتحكي بنت فلسطين,0,Jordan
629,بالنسبة للعربية ما في حدا راضي عنها,3,Palestine
630,بتصل فيهن بقولولي في عطل بالدارة الدولية,3,Syria
631,واوقات دوام طويل لك يا معلق شو بدك بهل الحكي اجباري تجيب هيك سير,3,Syria
632,الجنس اللطيف ممكن يشارك في السباحة,0,Sudan
633,يلا روح كنس البيت مجاهد «G» مسموح,3,Syria
634,انا شلون في ناس عم بتتهم القاضي اني هو ما كويس وعم بتطالع مبررات على وحدة خاينة ومجرمة,3,Jordan
635,يلا ابو الياس كفى و وفا بتعليقو بس انا بدي اسأل,2,Lebanon
636,وكل ما امنت على حياتها معو وهدا رأيي الشخصي,3,Libya
637,بتذكروا معي كان في مسلسل اسمه عفواً لأحمد الزين تبع لك يا أبو العف فينو,2,Lebanon
638,ال انا رجل اعمال يعني طلعت رقم ٨ ههه لك رجل على البيت مو قادر يؤ يؤ يؤ ال اعمال ال مشكورة لولي,3,Saudi Arabia
639,أخت هلا بتمنالك التوفيق بالخارج وانشالله ضلي على تواصل مع كل أخوانك بشبابلك ..,0,Syria
640,على فكرة أنا بعرف كل خفايا المافيا ... ؟,2,Egypt
641,عارف حالي كسول شوي سؤالي الي بعده على طول ..,3,Jordan
642,اما بنسبه للموضوع هو فكرة اجت في بالي بعد كزبه كبيرة,3,Libya
643,اخخخ ياشاام لك بدل هل فضايح ما تلمون سدقوني ما في احلة من الشام بوسخا بشعبا ب عالما بليلا بنهارا الله لا يدوقكون الغربة خصوصا ازا ببلد غربي وأتا بتعرفو شو قيمة زبالة الشاام,3,Lebanon
644,قال انهم بيستغبو المشاهد كيف للان ماقدر التعلب يمسك الطير ههه,3,Saudi Arabia
645,وريّح حالك مش كل ساعة برأي ،,3,Palestine
646,بتحط جمارك قد حقها يعني بتدفـــع انت وعم تضحك وتلعب خمس ملايين ليرة,3,Syria
647,مرحلة الشباب ويكون فيها الإنسان أشبه بالحصان قوة وشباب وحيوية,0,Modern Standard Arabic
648,ان شاء الله بتحققي كل اللي بتحلمي فيه وبتتمنيه ..,0,Jordan
649,آآآه ذكرتوني بجاري العزيز والله ثم والله اني احاول ارضائة ومش عارف الله يصلح الحال افكر جديا ببيع البيت والبناء مرة اخرى,3,Saudi Arabia
650,يعني لما ننتقد التجار و الناس يلي بيهربوا من دفع الضريبة ،,3,Palestine
651,لاني وئتها بحقد عليه,3,Saudi Arabia
652,يلي معارض صار ما بيفهم يعني ؟,3,Syria
653,أي و الله معك حق اصلاً,0,Yemen
654,له له له ولك مافي ناس بتفكر بالبلديات,3,Oman
655,سكتت ... قالها زعلتى ؟؟,3,Egypt
656,أذا الأب الواعي وقت بيسألو أبنو وين كب الزبالة بابا,0,Syria
657,سواء تم السكن والمولدات موجودة أو قبلها،,2,Morocco
658,وما تنامي غير بحضن بابا,0,Yemen
659,رح نضل سخفاء ما في مجال ..,3,Palestine
660,الي بحكي انا من فتح بغزه بياكل هوا !,3,Iraq
661,و رحبو فيك البيت بيتك و نورت بس لا تفكريني,0,Oman
662,لووول للصبح فنان اجتماعي انت كل الاحترام,0,Egypt
663,المشكلة عنا بحارتنا كليومين أو تلاتة بالكتيير,3,Syria
664,يعني انا زعلان من البلدية ليسش ما خلووو علم هولندة والله,3,Tunisia
665,تتهني فتاة بالحلو يا حلوة انتِ فراشة كيف المهرجان ليلة أمس,0,Saudi Arabia
666,لان الدين لله والوطن للجميع,2,Yemen
667,كل هيدا الحكي مش تبرير، بس انو شو بتعتقدوا ردّة فعل طائفة معيّنة ببلد الطوائف على افعال الطوائف الباقية اللي عم تحاول تفرض سيطرتها و نفوذها عالبلد و مش سألانة عن غير نفسها ؟,3,Lebanon
668,ههه أهلآ خيوه العباءه مرررسي ،يعطيك العافيه بس ما فتح عندي الرابط,0,Yemen
669,يعني هما اليهود لو قادرين يشكمونا بايدهم كانو تركو هالاحزاب تشكمنا,3,Oman
670,بس يا جماعة روقو شوي هلق بعرف أنو مو كل البنات هيك,0,Syria
671,بقا رجاء مابدي بكرة حدا يجي يقلي كيفك انتي او منهاد الحكي ... هم,3,Syria
672,ولكن المطلوب انو لو عندكن الشجاعة تعملوا المستحيل من مظاهرات وحركة في الشارع العربي واضغطوا على الحكومات ...,0,Syria
673,بس بالاخر انا مقتنعه مليون بالميه انه روح الشخص وطبيعته ومواقفه هي اللي بتجذبك الو ...,0,Jordan
674,مش كل شغله لازم تمرء بتمنى من بعض المعلقيين,3,Lebanon
675,من كل اللي بدو يصير لحن الترتيلة,2,Jordan
676,اللي بيقرا كتاباتك بعد عناء بسدء انا مجرد شخصيات خيالية,3,Sudan
677,وكمان بالمناسبة بس بدي سلم على سيدة الأعمال,0,Syria
678,ما حدى رح يقبل يتزوجنا بعدين جيبيلك موضوع بيرفع مستوى البنت مو يهز مكانتا قدام الولد ههه ههه,3,Syria
679,اى شو هالألفاظ الحلوة,0,Lebanon
680,لما يصفر الحكم وفريقي خسران,3,Qatar
681,و الي حاليا خالي من اي عمل مشرف قامو هم فيه,3,Sudan
682,أيوة ولغاية ما ييجي النصيب الكويس بدها تتحمل حياتها مع حدا بيهينها مثلا أو بيكرهها,3,Jordan
683,بس ليش كل هل الفزلكه,3,Iraq
684,بس المشكلة عندي ياه بالانكليزي,3,Palestine
685,انا متضايقة لانني دايما متضايقة,3,Saudi Arabia
686,و الزلمة يللي حط الاعﻻن ما كان بباله أي شي عن البرازيل ...,3,Syria
687,وفي واحد حامل «الجيتارا» وعم بيلحن على كيفوا ،,2,Syria
688,ممكن نتساعد في إقتراحات ووسائل تقنية عملية لبرالوالدين الوافي هذا المعرف مشترك .,0,Yemen
689,و الله ما قصصر صدام و بيضل احسن من امريكا يلي ذلت الشعب العراقي بكل مذاهبه,0,Palestine
690,و من ناحية السرعة حدث ولا حرج اولا التكسي بيلحق العجقة,3,Saudi Arabia
691,رجائي من كل الاخوة القراء ان لا يلقو بشيء على الأرض مهما كبر او صغر,0,Saudi Arabia
692,مع أنو ماكانت تزبط وفي ايميلات لسا هل ياترى بعد مافرمتت انحل شي,2,Palestine
693,وزي ما البنات في منهم نمامات في شباب لسه على اكتر من هيك,3,Jordan
694,لابدمن تدخل حبيبنا الغالي ابو متعباللهم أصلح بطانة الملكعبدالله، وأرشده للصواب والحق اللهم آمين سبحان الله وبحمده سبحان الله العظيم,0,Yemen
695,عن جد موضوع كتير كتير كتير مفيد وخاصة لأني عم ادرس فرنسي ..,0,Palestine
696,شرط يكونو علمانيين ليحبو بعض ؟,3,Libya
697,هو اكبر سوق خلونا نزبط حالنا كعرب وبعدين نطلع لغيرنا شكرا,0,Palestine
698,يد أبو شهاب قالو ناقص وهو المتل الكامل,3,Tunisia
699,استنوني وخليكون معي,0,Syria
700,الصراحة هيك صور بيردو الروح,0,Lebanon
701,وبرجع بكرر هي ايميلي مكتوب وبتحدى حدا يرد,3,Syria
702,وحسب ظننا انها مجانا« فإذا كان لديك غير ذلك فدعنا جميعا»,3,Modern Standard Arabic
703,لأنه بسبب الدعاء نجحتي,0,Jordan
704,بس وين المشكلة لما الأهل عبقولوا للادارة اللحم الكم والعضم النا ..,3,Jordan
705,فسياسة توزيع الدعم عند الحكومة ، انو وزعو هل الناس على العائلات السورية,3,Jordan
706,الله يعينك وتذكر اذا انت فتيتها بمسيار او متعة مرتك شلون بدك تفتي لها ياها,3,Syria
707,او بدك تعيشي طول حياتك متحملتيها ...,3,Jordan
708,و لتزهر ازهار الياسمين و الفل و النرجس ،,0,Tunisia
709,بدك الصراحة انا هلا وقت بكون عم اقطع الشارع وبلاقي الشوفير وقف وقلي تفضلي بستغرب,3,Jordan
710,ما بعرف كيف المنتصر والواثق من نفسه بكون مجلوط، شو هالتجليط ياعمي، وأنا بشكرك كتير على اعترافك بحقيقة وجودك بهالمنتدى متل قول الإمام علي ع «حقيقة المرء في فلتات لسانه»,3,Syria
711,والله زعلت عليه,3,Libya
712,يالله خليها تبين معو و خليه يوزع كاتو مرتين معلش منشان تعبك ما يروح,0,Lebanon
713,كل شي ارتفع ثمنه بارتفاع المادة,3,Oman
714,قال يعني بيفهمو بالخدم قال ، .. انطمو .,3,Iraq
715,يعني على كم من ساعة ما رح يقصرو وما رح يحسبوها على حالن,3,Palestine
716,بس نحن بدنا نسمع طرفتك بألبداية ويلي صارت معك ... ؟؟ !!!,0,Syria
717,انتو بس خلو النية موجودة ومو مشكلة,0,Syria
718,ممكن الي بيشتغلوا في موضوع الحسد هما الي بيفكرو هيك,3,Jordan
719,طيب ماحس جارك انو صار في انفجار او شي انكسر .,2,Jordan
720,للخلف ؟؟؟ أما واحد رايق احنا بنمشي ساعة للأمام وبندوخ ههه لله في خلقه شؤوون سرني المرور هنا تحية شمس,3,Sudan
721,في حكمة من أنو عقولنا وتفكيرنا فوق براسنا ما هيكي !!,3,Lebanon
722,جربوها وبلكي منطلع بنظرية عربية بعيدة عن القرود تؤكد,3,Iraq
723,صورني بسرعه ٧٠ وأكلت مخالفه ،,3,Yemen
724,بس عالقليلة لما بتسمع أنو في شي متل هيك بالـ «Firefox»,3,Syria
725,و اذا عندكم كمان مواقع يا ريت تفيدونا و خصوصا لتنزيل الأغاني الأجنبية,2,Jordan
726,بدك تجرب ما وطريقة جيدة لتقليل النساء آخ منك لك شو بدي قلك مابعرف لك الله لا يعطي شيطانك عافية,3,Lebanon
727,لازم ياخد المخالفة و هو خرسان مو هيك ؟؟,3,Syria
728,،مدري كيف هيك قلبن يتسع لالف بنت،بقى,3,Saudi Arabia
729,المشكله الناس مابتخلص من كلامون,3,Syria
730,مو طايقون وهي حدود بلادون المزعومة,3,Syria
731,مو الحق عليهم الحق على امراء عروش الحرير الي باعوا بلدهم وكرامتهم لاميركا,3,Iraq
732,بكل الأحوال الحجاب لا يعني الأخلاق،,2,Modern Standard Arabic
733,و بحسو انو هني قريبين من حدا و الغول ما بقدر يجي عندهم ههه,3,Palestine
734,ههه تسسسلم يا عريس و ربي يقويك يا احلا أخ بل عالم,0,Lebanon
735,الحمد لله الثقة موجوده,0,Libya
736,يعني مو انو ماحدا بيعرفهم بيتصرفو متل مابدهم,3,Syria
737,بتمنا ما اكون طولت عليكي,0,Jordan
738,بس متل ماقالو الردود الباقية ممكن كل مرة تتطلع فيها بالمراية,3,Jordan
739,و صدقيني هم هايفرحوا بردو لما ييجوا و يشوفوكي مبسوطة,0,Egypt
740,كتير زعلت,3,Palestine
741,بس انت مو واعي للحل اللي هو ...,3,Qatar
742,مشكورة بنت بلدي على هالإضافة عنجد مناح وبيفيدوا كتير يالله شو ماصار معنا زيادة بنحط هون خلي لغتنا الحبيبة تنتشر,0,Syria
743,معلوماتا خسرناها هالأيام أين أنت عنا .. ؟,3,Oman
744,بتمنا تقبلوني عضوه جديده ودا ائمه وانا ما راح اشارك باي موضوع الا ادا رحبتوا فيي,0,Iraq
745,وحتى انو مستعدين يدفعوا حياتهم مشان هالشي متل ماعمل بروس أخر الفليم,3,Syria
746,ووقت بدهن يمدوو انبيب تحت شي سرير,3,Iraq
747,الحمدلله عالسلامة اخونا العزيز خلدون حدا بيترك شهر العسل وبيجي عالبصل بس عنجد خلدون الك وحشة بالمنتدى كلياتنا اشتقنالك ومبروووك الف مبروك والله يهنيك,0,Lebanon
748,ومو معقول شوفها بشي محل وما سلم عليها ..,0,Syria
749,و و و والقصة تكررت في ستين مسلسل,3,Libya
750,صديقي الصغير متل ما بحب ناديلك وانت بتعترض ...,0,Syria
751,اخ شو بدنانحكي نحن البنات،انا براي توقف بالطريق,3,Lebanon
752,وما عم يضربوهم الا ليتعلموا يعني في طلاب قليلين حيا ما بيجو الا بالضرب,3,Syria
753,كمان لانو كبر و تغذى من ماء بلادي,0,Jordan
754,فوق حقو دقو,3,Libya
755,بس أنت واحد محشش !!!,3,Palestine
756,تقبلي العزيمة دغري طقي ياها مالك مضطر تحكي مع فلانة,3,Syria
757,لأن اني كنت رايحة اودي ليه كريستالات يركبهم !,2,Libya
758,هالحالة بس بتصيب المخرجين ؟ شو مشان المخرجات ؟,2,Syria
759,بكتب التاريخ هالشي موجود و إذا أنت ما بتقرا تاريخ منيح هاي شغلتك يا حبيب ..,3,Syria
760,أهلا و سهلا فيكي و صدر البيت شبابلك الك و العتبة النا و نتمنى أن تفيدي و تستفيدي أخوك محمود,0,Algeria
761,ما بتستحي بركدن أختك فاتت و قرت هالكلام اللي انته كاتبو ؟؟؟,3,Lebanon
762,هاد الحكي مافي مصلحة إلا للتاجر وبس وهي طريقة جديدة ومبتكرة,3,Jordan
763,أول شي هلّول انا ساكن مو بالشام انا ساكن بنص الشام و بحياتي ما سمعت هلأصّة ؟؟,2,Jordan
764,يعني شغل دعم على كيف الكيف فتامينات غير شكل و روح,0,Lebanon
765,بس بعتقد انو الاموات بيحسوا فينا وشو عم يصير معنا,0,Jordan
766,و اضافة وصمة على جبينهم ليعرفهم كل من يقتربون منه,3,Saudi Arabia
767,و هي مني احلى هدية قالب كاتو علية شمع,0,Jordan
768,صار معدل ٢ صوت تقريباً لكل ٤ دقائق,2,Oman
769,انتبهوا لاتنافسونا,0,Qatar
770,ولكن الدولة السوريية دولة دينيية جدآ جدآ ... إذن ...,2,Egypt
771,يا عمي يا أبو الفوددد والله شي مرتببب عن جد الله يعطيك ألف عافية,0,Syria
772,أولا السكر كان خام يعني قبل المعالجة بقا لاتخاف مارح تاكلو وانت هاد يلي أكل همو أرجو محاسبة مهندسين الامان وكل من له علاقة كما أرجو عدم اهمال اي نوع من انواع الامان وعدم الاستهتار,3,Syria
773,بس الظاهر انو زوجك عندو وقت فراغ الله يعينك يااختي,0,Palestine
774,بحط العقل بالكف,0,Syria
775,لانو هذي احصائيات والنتائج عبارة عن الاغلبية مش الاجماع,2,Iraq
776,هالناس بفكرة يمكن او مو يمكن اكيد مالح يلحقو يشوفوها,3,Jordan
777,وكمان أنو تغيري نظام الحماية بالطريقة الي قالولك عنها الشباب، شغلة كثير مهمة .,0,Palestine
778,لدرجه أنو صارو عم يتمسخرو عليي,3,Syria
779,وانشاءالله بتضل محبوب من الجميع ،,0,Syria
780,من تحت فراشك أطلعلك من بين سنانك,3,Palestine
781,وانا بشوف القسمة والنصيب ما لها اي علاقة بالزواج التقليدي,3,Saudi Arabia
782,اساء التقدير بالكلمة ؟ ولا كيف !!,3,Jordan
783,سويتاية ..,2,Iraq
784,هيك عالم ، بتعرف تلعبها ع الحبل اللي بدها اياهـ,3,Syria
785,صحي واع و ويع .. بس والله ضحكة ولد أول ما بتفيق بتسوى الدنيا ..,0,Syria
786,أخي كميل كثير بشكرك على هل كلام الحلو,0,Palestine
787,والله لازم نغار نحن ..,3,Iraq
788,فكرة بتجنن يا بلبل ...,0,Palestine
789,شريييرة سوووس هيك بتخلي عمو اسامة الشرير يشمت فينااا,3,Syria
790,او جورية يعني هدول من أغنياء المنتدى عنا,0,Syria
791,وإن شاء الله بنشوفك دائماً هيك مشاغبة بيننا ..,0,Jordan
792,والحمد لله انو شفتو قبل ما الله ياخد أمانتو ونفس الكلام بنطبق على ملعب الحمدانية,0,Palestine
793,لا تنسى تاكل ملوخية كل يوم سلام,0,Tunisia
794,بدل ما ندعيلهم بنطلع نكت والله عيب,3,Palestine
795,يلا مو مشكلة منروح أنا وياك وأكيد رح نرجع نخبرهن شوا صار,0,Syria
796,ههه في منو هالكلام بس كمان كل من الرجل والمرأة اله ميزاتو وخصائصو يعني في مقاييس لجمال كل من الرجل والمرأة يسلمو,0,Syria
797,شكرا الحقيقة ملف قوي جدا ولو تقدم السنة كان طحش اكل وما حدا كان زعل من الفيفا ...,0,Jordan
798,اذا كان الرجل حباب وعاقل ولطيف وووكتير صفات ما بتتصوريها,0,Oman
799,شاعر الأحاسيس ..,0,Oman
800,تركتون كلون ورحت عالمتجوزة مشان تخرب يا بيتا يا بيتك,3,Syria
801,وهو سعيد بالكلب وخبر زوجتة بأمر الكلب,0,Saudi Arabia
802,اما الممثلين فكلن عالعين والراس وتعبوا بتادية ادوارهن ،,0,Syria
803,منورة انتِ وماجدة والكل النور نوركِ يا حبيبتي,0,Tunisia
804,كدا هبل و غباء كدا تمام آآآمين دمت,3,Sudan
805,شي بيبكي والله ...,3,Syria
806,كل عام وأنت بألف خير فوز والسنة الجاية,0,Egypt
807,و يأكل و يشرب على طريقته . و لبس على طريقته .,2,Palestine
808,الله يبعد عنك وعن القارئين المرض .. يارب ...,0,Saudi Arabia
809,بعدين هاد اسمو اسراااف والله سبحانه بدو يحرم كل شخص مسرف من النعم,3,Jordan
810,يعني اربع اطفال كمان شو ذنبون يعيشو باسره مفككه,3,Iraq
811,الى من قتل سميح المدهون الى هولاء القتلى,3,Saudi Arabia
812,نهى القران عن الرمي بالنفس الى التهلكة ..,2,Oman
813,ولا اي سناء الغالية يلي على طول خاطفى الكباية تاعي من راس الماعون,0,Algeria
814,الشخصية الي تناولتها الحمامة بخاطرتها هي الزوجة الي بيتمناها اي رجل,0,Oman
815,وهني مفكرين انو هالشي فخر إلن ...,3,Syria
816,ما شاء الله كل واحد محسبلك حالو افلاطون وبيتفهمن عليك بل القوانين الي الا طعمة ويلي مالا,3,Lebanon
817,أولا بحب أشكر ادارة المنتدى على هاللمة الحلوة كتير واللي فرحنا فيها كتير ...,0,Syria
818,يعني اللي بدي ارتبط فيه معناها راح افداه بعيوني,0,Jordan
819,ياستي بما انو نحنا صار بينا عزايم قبل ما نتعارف هون ...,0,Jordan
820,لا حدا يتمسخر يا شباب هاد سبب من اسباب الفقر,3,Jordan
821,وفيك خير طبقها واني باطبقها بعدك .. بس على كل حال مشكوريمكن تعبت وانت تكتب,0,Oman
822,وكان مطلوب لكن هلا انا حاسه انو ما راح يصير كنت فاكره الموضوع سهل كتيررر,3,Jordan
823,حسابك بمقر العصابة ...,3,Saudi Arabia
824,نحنا بس منلحق اخبار العالم .,3,Yemen
825,بالنسبة لتصفح المواقع الاباحية سيكون طبعا مغلقا,2,Modern Standard Arabic
826,حرام إنت شو ذنبك بهالبهدلة كلها ؟؟؟,3,Syria
827,وهو نادم على هالشيء ورجع لصوابه واللي سار له مو قليل,3,Oman
828,وان شالله بتعجبك طلتنا .. متل ما عجبتنا طلتك ..,0,Syria
829,والله أنا بموت بالقراية,0,Palestine
830,اكيد دمار وانا كمان بتمنى هادي الشغله بس الناس صارت بعيد عنك لا دين ولا ضمير كمان في هادي الايام,3,Jordan
831,معاملة كويسة بس عنا ولـــي كتر خير الله,0,Syria
832,المرأة الناجحة تجعل بيتها قطعة من الجنة,0,Modern Standard Arabic
833,فالله يسترنا من الشقاوة ..,0,Tunisia
834,ونفس هالشغلة المزعجة عانيت منها ،,3,Syria
835,و وقتها ما عبرتها لا أنا ولا مضيفين الطيران السوري يلي يمكن ما عرفوها،,3,Palestine
836,له يابنتي ليش هيك عم تحكي هاد فوق ماخاطرت بحياتي وكشفت الاوراق ..,3,Jordan
837,بيوقع بيئلبا يا تعتيرو حفرتنا صارت احلا من الجنه شركات الدنيه عملتلا رنه,0,Lebanon
838,وحتى لو كان مشوه وفيه مليووون عيب هاد بيضل انسان,0,Jordan
839,والله يا جمول اذا بحب شخص وما بحبني ما بروح اعترفلو حتى,3,Lebanon
840,ومافي حدا بالعالم معصوم من الخطأ ايا يكون,0,Jordan
841,لأنك رح تكبي الزبالة بهالكيس,2,Syria
842,شايف الممرضة طالعت حقها بهل الضربة مع بخشيش,2,Syria
843,ليتنى اعيش فى مكان لا تنقطع عنه الثلوج ...,0,Egypt
844,غيرو ومات ومابدنا نكسر يمينوا حرام الزلمة ميت,3,Tunisia
845,أكتشفت جوره تانيه بشارع تاني,0,Libya
846,كل سقالات العالم هيك بيركبوها ،,2,Palestine
847,وعقبال ما نلاقيك بيت ديفيندر توتال سيكيوريتي ٢٠٠٨ الهي ..,0,Lebanon
848,وانشالله منشوفك فاتحة صيدلية كبيرة بحارتنا يا جارة الوادي,0,Syria
849,بس ماتصير أسوأ من هيك ...,3,Syria
850,بجوز في بنات بيستثقلوها بالاول,3,Jordan
851,وهوي عم يلف الدوار وصرخت فيه هداك الصوت ابو جانتي قام فات بالنص ...,3,Syria
852,لا تحاولي انك تسامحيه ما رح تقدري ..,3,Jordan
853,معناتو انت عضو خفي يعني من اهل الدار ..,0,Libya
854,المهم هو عدم التسبب في المشاكل الطائفية,0,Libya
855,وبيقرا الكف و الفنجان,2,Saudi Arabia
856,بس المهم يوصل كيف وليش مابعرف المهمة يوصل يتبع,0,Iraq
857,و بالمقابل حلوا عنـــا و تركو الحجاب وكل حدا يصطفل بهدايتو,3,Lebanon
858,اما بالنسبة للطالبة بنقدر نعتبر الموضوع مجرد خلافات بين الطلاب,3,Jordan
859,بس صار غير ايام زمان صار بهل وقت نادر وين تلاقي الشرف ولاحدا ينط,3,Iraq
860,المهم يلي بعرفو إنو ممكن إدراجو تحت بند مسلسل مكسيكي ..,3,Lebanon
861,مبروووك للحلوين وعبال الشهادة الكبيرة,0,Algeria
862,وما فكر لو واحد تاني عطاه هيك كلمة شو ح يكون شعوره ...,3,Sudan
863,وفعلا استفدت بهالموضوع جدا,0,Syria
864,و الله صار لي كم سنة عبدور على بنت عندها اخلاق و تحبني,0,Jordan
865,وهلأ انا ماكنت غايبة عنكم كل يوم عم ادخل للمنتدى و اطمن عنكن,0,Palestine
866,بس عنا ماخدينها شطاره مين بقدر يتئص على اكبر عدد ممكن على بنات,3,Lebanon
867,ياااه يا انجل شو كلماتك حلوه وعباراتك رائعه يعني شي ما بيترك للواحد يعلق الا انو يحكي يسلم قلمك وايديكي,0,Lebanon
868,فاصبح البعض يتهم الاخرين بانهم يتبرؤون من سوريته و من اصله .,3,Saudi Arabia
869,انظر ماذا حصل عندما صارحها بانها مدمنه كميوتر,3,Modern Standard Arabic
870,صغيرة السن كبيرة العقل و الفكر أحسنتى ...,0,Egypt
871,شو وين قاعدين لعمى اخي طفو التلفزيون عم تتفرجو كتير انتووعلى التلفزيون,3,Syria
872,مع اني ما لقيت الهلال من بيتنا ؟,3,Saudi Arabia
873,وعليكم السلام ورحمة الله وبركاته اهلين وسهلين,0,Qatar
874,حشاش عم يقسم راتبه اول الشهر وعم يقول ٥٠ للاكل ٥٠ للكهرباء ١٠٠ اجار البيت ٥٠ للحشيش،,2,Syria
875,فبدل ما نواجه بعضنا بالحقيقه حتى نصحح اخطائنا,0,Yemen
876,وفنجان شاي وما بعرف شو,2,Lebanon
877,لاني هيك بفهم ديني نحنا دين عبادة وعمل مو بس ندور على الثغرات,0,Syria
878,احنابنستاهل بنستاهل اكتر من هيك,3,Palestine
879,يضايقني جداا مايكتب من مبالغة ليس لها اي اساس والواقع يقول غير هاذا .,3,Oman
880,و كيف ممكن تسعد امرأة و تحصل على السعادة مع امرأة .,0,Sudan
881,لازم ما نسمحلهم يفوزو علينا وما نخلي مجهودنا وتعبنا يروح عالفاضي,0,Jordan
882,بستثناء اني راح ابرر سبب هذا الابتعاد,2,Iraq
883,و بأم الرور,2,Palestine
884,كيف الجميه هنا انشاءالله الى كل يكون تمام تسلم المشاغب المشاغب,0,Yemen
885,الله يرحم الحـــال ..,3,Tunisia
886,نتيجة لقصص ومقالات قديمة كتير كنت أقرأها,0,Jordan
887,بكفي ولما تصير فيها خلفه من كتر المواضيع راح تفقد,3,Jordan
888,عمل العالم الإقليمي المجاور للبنان كلّو متواطيء «:o»,3,Lebanon
889,مرحبا ولك يقبرني الحلوة يا قشطة انا مرتي بدي ياها تكون احلى من هاي لسى خخخ,0,Jordan
890,بس لا تلعبي كتير مشان ماتكسري شبابيك الجيران,3,Syria
891,ارجو من النساء الا عم يطلبوا القيصرية طلب اقول لهم كفى جهلا,3,Syria
892,والله الحمد لله انا ما بعمل اشي غلط,0,Jordan
893,الأنسانية لا تقف ضمن دائرة الحدود والجغرافية ...,0,Modern Standard Arabic
894,الصين من دول العالم الثالث بس سوريا من دول العالم الف فليش المقارنة خلي المقارنة مع الصومال ااو جيبوتي يعني اشوق,3,Iraq
895,ان شالله يكون رب العالمين رح يعوضك خير هالمرة ،,0,Jordan
896,أنا حملتهم و بس ما قدرت اكمل سماعهم,3,Sudan
897,بس ما علافت شو هيي هالمطاعم اللي بدها تفتح بسوريا,2,Lebanon
898,بكفــي قتل .. بكفــي فتنه,3,Iraq
899,فورا بروح بنقرها جيزة من السكرتيرة,2,Syria
900,مانزلو المشكلة انا اليوم نزلتو ولسه ما نط حدا لجربو,3,Lebanon
901,على شنو هاي حضارتنا وهاد مجتمعنالا,3,Iraq
902,للعلم عم يبنوا نفق تا يريحو الناس وهو الي صار عم يريحوهم من الحيات,3,Lebanon
903,وعن المجنون حتى يعقل,2,Tunisia
904,حشيشة وبتشتريلي بوشار على الطريق,3,Lebanon
905,الله يعين الرجال شو متحملين من النساء المتجبرات ...,3,Oman
906,جايه نشيطه اليوم صدى,0,Libya
907,والله ياشباب انتو مزودينها شوية,3,Saudi Arabia
908,ساعة حمص بطحينة بس حلو الواحد ينزل يشوف الغنى الفاحش بالجنوب,3,Egypt
909,و بالقطن الحلو شو إغتنينا يا تلج زرعناه بإيدينا يا حمام الغيضا,0,Lebanon
910,روئي أتفضلي هي قهوة اهلا وسهلا,0,Yemen
911,خليه هو يلاحقك طبعا كلو وهم لا تعملي شي غلط بتصيري متلو سيئه,3,Iraq
912,وبعد سنه الله رزقهم بصبي وكان لونو اسود,0,Saudi Arabia
913,لا احاولي على كلن آخرتكن للمطبخ ههه ههه,0,Yemen
914,يا سيدي كنت قبلت برياضة !!! بس فجأة لقيت بوشي ...,3,Sudan
915,والا بدك تاكل الحلوان علينا ما رح نكلفك كتير,0,Syria
916,هو هادا الجامع اللي بنصلي فيه أنا وخنفوش,2,Egypt
917,يعني انا كنت في الطاقم الاداري لاكتر من موقع,0,Egypt
918,انا معجبه بكل اعضاااء المنتدى عشان هيك حبيت انضم لكم,0,Jordan
919,يعني فكر انو لا سمح الله هالطائرات هي اسرائيلية هاهاهاها,3,Lebanon
920,انشا الله بتحققي كل اللي بتتمني إلك و لكل اللي بتحبيهن ...,0,Jordan
921,وانشالله تحقق كل الذي تتمناه في حياتك,0,Oman
922,ويد وحده مع تمنياتي بالتوفيق للجميع ..,0,Oman
923,ويحطوا مواضيع جديدة .,0,Saudi Arabia
924,أما يلي عندو أي حجة أو فكرة أو رأي فليطرحو بس بموضوعية,0,Syria
925,دخيل الغيران انا بس,0,Lebanon
926,وانو ما بحطها واطية غير ليلي خلقو,3,Lebanon
927,بس اجت متأخرة وانشا الله بترفيعكم للسنة,0,Jordan
928,وكتير بحب الممثل العظيم أيمن زيدان,0,Syria
929,هاد كيف لو ماكان مطلوب من الشخص الصايم انو يكون صبور,3,Jordan
930,المشكلة اني ما فهمت اللعبة منيح,3,Jordan
931,وجد تمنينا انه تضلي معنا وقت اطول بس متل ما قلتى للظروف احكام,0,Jordan
932,و ازا بدك تقلي الكلمة المعهودة ارجع للدين,3,Palestine
933,هلق الثاليوم صار سم غريب حتى علماء السموم الانجليز مانن سمعان فيه ؟؟؟,3,Oman
934,مفتاح يخرجك من عتمة,0,Saudi Arabia
935,بس قبل اي اشي لازم افهم ليش عمل هيك,2,Jordan
936,الشغله الها حسابات دغري بروح عالحوادث,3,Lebanon
937,لك مبييينة استنوا شي ١٠ سنين تانية ليش مستعجلين لتعلنوا هالشي ...,3,Syria
938,أنا ما دخلت لهون عالمنتدى لحتى ترحبو فيني انا بكره الاسلوب بالمنتديات الترحيب والمجاملات بحب كل واحد يعطي رأيوو بصراحة بدون أي مجاملات بالعبارات المنمقة,3,Syria
939,هالموضوع بالذات بيزعجني كتير ...,3,Syria
940,اما بالنسبة لفينكس وفتح الثورة ومؤمن كلهم كوك ومؤمن كوم,0,Libya
941,وحامل معو علبة فيها الشبكة ومارح يتعطل أبدا عاللبس,0,Syria
942,على كل تعودنا على التهديدات و كمان نحنا عنا مفاجئات مو بس حزب الله ..,3,Palestine
943,وخللي بالك من هون ورايح راح اراقب مدونتك,3,Jordan
944,انا تعلمت من الدنيا ما في اشي بستاهل,3,Palestine
945,لا حول ولا قوة إلا بالله,0,Tunisia
946,له ياخالد ماحبيتا منك أبدا شو هالأخطاء الإملائية التصحيح,3,Lebanon
947,و الاشاعة الجاية,3,Libya
948,خيتووو اذا تبيني احط لك الصور اللي حصلتهم مافي عندي ما نع,0,Saudi Arabia
949,بس مو مشكل .. يمكن معك حق ..,0,Qatar
950,و الاقتصادي و الأخلاقي و الثقافي فعدت الى الامارات علما ان المصروف اغلى في الامارات ...,3,Jordan
951,والله صعبي بس معليش الله كريم والله يخليلكم الي عندكم,0,Saudi Arabia
952,ونشا الله السنة الجاية متل هلأ بتكون محقق كل احلامك مع رشرووش,0,Lebanon
953,بس ما قدروا لانه الله عز وجل ما كاتبهم لبعض,3,Iraq
954,إلا اللي أمه داعية عليه على أيش بده يجي على سوريا,3,Saudi Arabia
955,امرأة غير مثقفة اولاد غير مثقفين منزل مليئ بالجهل,3,Iraq
956,وأكيد صار عندنا نقص بموارد المياه بهديك المنطقة,3,Syria
957,الن يصل الفايروس الى اجهزتنا ٠٠,3,Iraq
958,له له له هيك كلكن عم تتتمنو نفس الامنيه للاخ اسامة,0,Jordan
959,يعني وضربها بتكون إلها لدة أو أول مرة يضربها,3,Jordan
960,ولما صار وقت الفاتورة ما رضيوا يعطوها فاتورة,3,Jordan
961,لك بتلاقي الوحدة فيون يعني المدرسات ناتعتلك شي كيلين بندورة على شوية بتنجان,3,Lebanon
962,ولي كارلوس فرطت ضحك,0,Morocco
963,مبارة نااايمة صراحة,3,Jordan
964,ألنا ألولد يمكن رجال عدل ونور يا قلبي شو مغشوش تاريه طالع لأبوه,3,Lebanon
965,فأكيد نظرتي للاتنين مش وحدة,2,Jordan
966,ديروا بالكم بكرة بيفوت على المنتدى نيكولاس كيج، وبروس ويلس، وشين كونري ...,0,Syria
967,لان المنظمة الانساانية بتكوون صااحبة قراار و راي وموقف,0,Jordan
968,قربت على اي حكي من الي قلتلي ياه بدي اشتغل ؟,2,Jordan
969,هادا من زوقكـ العفو ولو هاد أقل شىء,0,Morocco
970,إنت باحلىىى منتدى وبين احلىىى إخوة ورفقة ...,0,Egypt
971,وهي كرت دعوة خاص لزيارة قسم الرياضة المحلية ..,2,Iraq
972,كانت بتقدم الأكل لأخواني و اختي الصغيرة منى كانت بتساعدها و الذكور كيف عادتهم بيلاعبوها و بيضحكوا عليها عشان كل مرة بتجري عند ماما و تصيحها,0,Palestine
973,لاحدا يقول مافي بأوربا وأمريكا في أكتر لسى والمفروض,3,Saudi Arabia
974,الدنيا علمتني ان اك ثر الاقارب عقارب,3,Yemen
975,سبحان الله ياشباب بقيت ٩ ساعات عم فكر,2,Syria
976,لاموني اللي غارو مني,3,Tunisia
977,لقد طرحت من قبل هذا السؤال في احد المواضيع,2,Modern Standard Arabic
978,وكنت اسمع انو المواد دائما الها تسعيرة واحيانا تتغطى باسم دروس خصوصي,3,Jordan
979,يا شباااب بدناش كل واحد يصرح من عندو,3,Algeria
980,دينا ولسى لح تشوف شباب أروق من هيك,0,Jordan
981,غزاوي سبشل حكى كمان بدو يجيب هادا معاه مهلة لحد الجمعة,2,Syria
982,بكفي جبن وخوف,3,Syria
983,راح يعتمد علي انا اذا بربيهن منيح راح يعرفو,0,Iraq
984,ولا حدا كان يتوقع انو الجيش الاسرائيلي يحاصر السجن في اريحا,3,Jordan
985,و الله يرحم والدة الشلهوب ...,0,Saudi Arabia
986,بيجوز ،، بس البنية لابقة لصفاتي اكتر لاني في العمل بنسى اهلي ،، س م ا ح,0,Sudan
987,اكيد راح اسمح للاولادي باستخدام النت لانو كل شي في هالدنيا سلاح ذو حدين مش بس النت,0,Oman
988,كلو بيحب منظر الدم» وخليها لربك ...,3,Palestine
989,مسلسل أحلام كبيرة وليالي الصالحية التوب بهي السنة ..,0,Syria
990,المشكلة انو توصل المياة للريكارات,3,Libya
991,والله حلال اعدام كل واحد بيقول عن حالو حماس لانهم ناس ما بتعرف الله بالمرة والله حرام الى بيصير لازم يكون فى تدخل عربي ودولى علشان يبيدوو حماس,3,Saudi Arabia
992,لانه الخوف يؤئر على الشخص وتضعف قدرته على التعامل مع الواقع,3,Saudi Arabia
993,لعن الذين كفروا من بني اسرائيل على لسان داود وعيسى,0,Oman
994,ممكن الشرطي تصرف منه ١٠٠٠ ليرة,3,Jordan
995,يا من تلقبين نفسك بالمجنونة،,3,Modern Standard Arabic
996,الحقت على المواطن الغلبان وعملت الترخيص للسيارات رسوم كامله غير معفى من الخصم ومفش سياره مشطوبه الا ولميتها وصار تاجر الخرده اكبر رجل اقتصاد,3,Yemen
997,او هو ببطن امه مكتوبله حياته وشو راح يصير معه مثلا في نساء بتسقط حالها,3,Oman
998,أما الباقيات فالعياذ بالله حتى أصبحنا لانعرف بعضهن إلا من الأصوات ...,3,Algeria
999,أمنياتي الصادقة بحياة سعيدة ... وبأولاد كثر ...,0,Syria
1000,وما تخاف في كثير انواع للترحيب عنا يعني دير بالك,0,Jordan
1001,ان شاء الله بشوفك ببيت العدل على هالوصف !!!,0,Qatar
1002,طيب هاد عن كذب النساء مافي عن صدق النساء ؟؟؟,3,Syria
1003,يلي للأسف نسيوا شو يعني أخلاق,3,Syria
1004,ايه ما شاء الله عليكي عيون في حدا ما بيحب السلام ويريده للكل اتفنني ع كيفك .. ونحنا هون معك,0,Lebanon
1005,عمو . . بيسلم عليك البابا وبيقلك إذا هي مو راضية تبوسك أنا ببوسك,0,Syria
1006,و كمان مرة شكرا» كتير لأنكن تذكرتو عيد ميلادي,0,Palestine
1007,ان هلق دريت والله,2,Qatar
1008,موضوعك رائع اختي نور العيون,0,Tunisia
1009,فأنت حي لأنو هنيك بتضحك,0,Syria
1010,الدنيا صارت اخر زمن,3,Iraq
1011,هوي المطبخ واكتر شي بتحبو الست هوي المطبخ بلا من هالفوتي يا رجال على المطبخ,0,Lebanon
1012,انا من راي اخي العراب فعلا الرقابة تبعنا هيي اللي تعبانة,3,Lebanon
1013,جمال عبدالناصر يا هلا والله نور المنتدى باخونا ..,0,Oman
1014,بتعرف يا حج كامل انا بظروف شغلي الليلي بظل نايم من الساعة ٢ الظهر لل ٨ المسا,2,Jordan
1015,يعني انا حاضر المباراة لاخر دقيقة ايمتا اخترق الدفاع و ايمتا سدد كرة مميزة انا مافهمتا هاي ...,3,Palestine
1016,هذي صورة ولا اروع للبحيره تبين مدى كبر هالبحيره شكرا يا رائع على هالتصوير ويا ريت تصور بحيرة العكرشية الي بالحمادة,0,Iraq
1017,ام ان الشباب يعني ما بدهون وجه مشدود و نضارة وتحريك لدورتهم الدموية !!!,3,Jordan
1018,عجبكون برنامج والله انا بهمني انتو تكونو مبسوطين,0,Egypt
1019,يمكن اتاخرت بالترحيب,3,Syria
1020,مش مشكلتي اذا بدك تبني مستقبلك وما في فرصة بالبلد .,3,Jordan
1021,لأنو جهازي بقيانلو نكشة ليسلمها شلون بفيروس كمان,3,Syria
1022,اسف بس صراحة دمي فاير قال ولد بدو يصير مدير اللي معو توجيهي بصير عندن مدير طيب اللي معو دكتوراه شو بحطو نبي ؟؟؟,3,Jordan
1023,لذلك حاج بقى تعمل دعاية ببلاش للمسلسل اذا كان عنجد مو عاجبك هالمسلسل,3,Syria
1024,يعني يلي ما عم بفهمه ان منحكي على الميزانية و كأن هي عدو المواطن,3,Palestine
1025,وانتي اعملي نفس الشئ مع صديقك القديم قبل الزواج وهذا حق شرعي لك ..,2,Yemen
1026,بس المشكلة انو مو دائما بتقدري تكتشفي شخصية الرجال بالخطبة,3,Jordan
1027,والله يا حجه النسوان على راسنا من فوق وما بنقدر نستغني عنهم هم اغلى اشي في الدنيا,0,Jordan
1028,بس هاي يمكن للناس بكونوا اجدد ع زيجه بتصير الزوجه,0,Iraq
1029,حجا مقبولا ً نشالله الله بيكسر لك رجلك وما بيخليك تطلع عالطيارة .,3,Syria
1030,والله بصراحه أنا كتير كتير كتير كنت معجب بدور الفنان جمال سليمان بمسلسل زكريات الزمن القادم,0,Syria
1031,بجد موضوع حلو و مفيد بس ياريت تقولي اذا بصير بدل الماء نشرب شاااي بجد لولي انا بشرب شاي كتير فوء العقل ...,0,Jordan
1032,وطبيعي مو مهم اذاكانت اللوحات موجودة ام مرفوعة او حتى معدومة !!!,3,Iraq
1033,كيف ما بدومشان يتزوجني,3,Lebanon
1034,و اللوادئة معروفين إنن تنابل ...,3,Lebanon
1035,بعدين قرروا يكشفوه وكلفهم ملايين الليرات,2,Saudi Arabia
1036,قصص الحب تآع اليوم كله فآشل وصدقني فش ولا حده بصون التاني,3,Lebanon
1037,ويتحطها «c:program files/msn/» يعني بالملف تبع الماسنجر,2,Syria
1038,هففف يعدمني شركة نوكيا الهي ،,3,Tunisia
1039,مش بعض ناس اول ماطلبنا منهم صارو بدهم يقتلونا,3,Jordan
1040,كانت أول شيئ بشوفو بعد رجوعي للمنتدى بعد غيبة مو قصيرة ...,0,Syria
1041,ولا والادهى والامر وكانه الزعتر بطلع عندنا في غزة على السطوح مع الندى,3,Saudi Arabia
1042,لعند مديري وقلتله انا راجع لسوريا انا بلشت سنتي هيك,2,Jordan
1043,انا هلاء عملت الاختبار وطلعت نتيجنو ٥١ مابعرف هيك منيح لما لا وكلام مافهمتو شكراً كتير كتير ع الموضوع تحياتي قمر السعوديه,2,Syria
1044,ومن كل الطوائف وبأحسن الجامعات والمطلوب منك تساعد شخص,0,Syria
1045,دورية ياجماعة هادا أكيد طالع جولة أو كبسة على المراكز التعليمية,3,Saudi Arabia
1046,يعني انا مو شايف غير بنات الله يجيرنا ... المعذرة يعني,3,Qatar
1047,وطبعا شر البلية مايضحك,3,Saudi Arabia
1048,لحتى نقدر نتواصل معو ونفهمو ونفهم افكارو بشكل جيد تحياتي,0,Jordan
1049,و بنفس الوقت هم يللي بدهن نصائح,3,Syria
1050,و الظاهره هي خفت جدا بالمقارنه مع ما سبق عليه الحال,0,Libya
1051,ما تقول انت بعيد مو مشكل بنركب باص هوب هوب وبنجيك ولا يهمك,0,Qatar
1052,مدردحه بكل اختسار يعني كتيرة برم وبتاخد ع الناس بسرعة بسرعة,0,Syria
1053,ما رح احكي بس رح انسخ قصة شفتا بغير مكان,2,Syria
1054,ابووو الخل كل عام و انتا بألف خير,0,Sudan
1055,بكل قصة اغتصاب او قتل او سرقة وما في داعي لتعرية الواقع اكثر مما هو قاعد بزلط ربه,3,Oman
1056,خايف منهاا خلص شروق لاتطلبي منو شي تعالي عندي,3,Libya
1057,وعم تدور على كل شي ممكن تستعيد فيه هالراتب المبتور اللي عم تعطيه للموظفين,3,Syria
1058,وانشاء كل اللي قروو القصة يستفيدو منن العبر اللي فيها ومايخلو القارب بدون مايكون فيه أحد ...,0,Saudi Arabia
1059,انا كتلك لغتي العربية بتهوي,3,Lebanon
1060,يعي بالصورة مبين كسرين بالزجاج ليش مدهوش او مدهوشة مدهوشي ؟,3,Iraq
1061,ليلة فرحنا يوم الخميس ...,0,Saudi Arabia
1062,ليش مش كمان الوطنية يقاومو,3,Tunisia
1063,فوق ما بتتصور وأهلا فيك النديم ما بيصير نضارب على بعض,0,Syria
1064,افكارهم وطريقة تعاملهم وتصرفاتهم وكلامهم وكلشي كان يختلف,2,Iraq
1065,لاحظو أنو القصة فيها قسمين الخيال والواقع,2,Saudi Arabia
1066,وأخير والحمد لله نجحتوا,0,Jordan
1067,أكيد انت من المنتفعين ، أو أنك ابن مسؤول و خايف على كرسي أبوك . ياسيريا نيوز ليش ما عم تحطو كل الآراء,3,Palestine
1068,بس الواحد مابقدر يحكي لاي حدا مشاكلو يعني انا بفضل اني مااشكي لحدا بالمرة غير لربنا لانو هو الوحيد اللي بنفعني,3,Jordan
1069,عم تتسول طيب أنت بهالحالة مستحيل ما يرق قلبك,3,Syria
1070,وبركي بساعدك أنا كمان فيهـــون ،,0,Lebanon
1071,شوكولا و أيام لزيزة ... و تسلاية و نهفات ...,0,Tunisia
1072,فا ما الحل للطالب الكسول والمشاغب ؟؟,3,Yemen
1073,عطينا رغيف من عندك عمي بلو ، لنفعس فيه شوية «مكدوس»,2,Syria
1074,وما فيها رومنسية,3,Saudi Arabia
1075,حلو كتير الضوء المناسب في الزمان المناسب ...,0,Lebanon
1076,لانو اللي عم ترفضو هلأ بكرة رح يصير امر واقع بدليل عدد حالات الزواج المختلط المتزايدة,3,Palestine
1077,بس ماطلع معي بالكتب يللي قريتها هيك معلومات,3,Syria
1078,واعمل ماشئت فانك مفارقه ..,0,Iraq
1079,والله اني كريمة بعزمو ع بحر يافا,0,Syria
1080,احنا ما كفرنا وما في حدا مخول يكفرني لانو هادا بأيد الله اوكي يعني ما تكفر حدا بعد هيك ياريت يا اخ,3,Jordan
1081,مشاركاتها روعة وحتى ردورها أحيانا بتتخيل أصيل عمرها ١٠ سنين بردودها وأحيانا بتقول هالبنت واعية وعمرها فوق ٢٥ من طريقة كلامها أو حتى كتاباتها البسيطة,0,Syria
1082,الحضارة الغربية اللي عم تدافعي عنا,3,Syria
1083,بس ندمت كتير لما قريتا,3,Palestine
1084,صار مع والدتي نزيف من أنفها فراحت على المشفى العسكري,3,Jordan
1085,عن هيك مواضيع وما بعرفوا يثيروا الرجل ..,3,Syria
1086,تعال شراب كاسة كوكتيل من عند أخوك أبو البيس,0,Jordan
1087,شو رايكون مو ممكن هيك قرارات تعسفية ؟؟؟,3,Syria
1088,بس معايدتي طارت لعندك,0,Syria
1089,بس يعني برأيك أنو المنتدى كلو هيك تسلاية و ضحك و لعب بيكون حلو,0,Syria
1090,يعني بتحط رقمك الإمتحاني بيعطيك النتيجة ...,2,Syria
1091,لازم يتحجبو كل نساء العالم ...,0,Algeria
1092,او بتوقف لتشوف شو هي وهيك بيكونو استغنو عن المطبات والوحوادث,3,Syria
1093,وما رح نخليكي لو حدك انا وخواتك جايينلك على المستشفى,0,Jordan
1094,وهي بتختلف من شخص لشخص هاد بالنسبة للسؤال لاول,2,Jordan
1095,ههه هي مقصودة معلم .. مسكين هالزلمة راح فرق عملة يسلمو ايديك على هالمعلومات فعلا شر البلية ما يضحك مزون بكل الحب .. اودعناكم,3,Syria
1096,يعني ما في جلسة صبايا الا بقطعن في الف شخص ؟,3,Palestine
1097,اهلين داليا ... نورتي وشرفتي يا رب كثر من الصبايا بهي المنتدي,0,Morocco
1098,قمت بسرعه سمعنا صوت قوي جاي من السما تاني حسيتها يوم القيامه,3,Egypt
1099,واديش عاملينله دعاية وبصوتو بكثافة مشان يفوز ،،،,3,Syria
1100,انشالله تصيري رايقه,0,Syria
1101,الله يورجينا الأحلام الحلوة .,0,Tunisia
1102,السلام عليكم يعني بصراحة ١ جيجا كتير مغرية,0,Syria
1103,وعقبال كل شي بتتمناه يتحقق ..,0,Jordan
1104,عوجة ، وبعمر عمرها مارح تصير مستقيمة الله اعلم أستغفره واتوب اليه,3,Iraq
1105,والله إزا هم بإرادتهم تركوها تتصرف براحتها,2,Lebanon
1106,برافو عليك بس بنفس الوقت مامنشمل في بنات انسانات بكل معنى الكلمة,0,Saudi Arabia
1107,ومنحطن مراقبين على مدار الساعة معروفين ومحبوبين ومحبوبين ومحبوبين,0,Syria
1108,وانشاالله بكون ورده جنبكم على هالأرض الطيبة شبابلك .,0,Syria
1109,مرة سوينا دورة و البروفسور اللي عم يسوي النا الدورة,2,Palestine
1110,أكيد رح تحذفوها كل واحد أيد كلام الدكتورة ما عرفان ه،,3,Syria
1111,يعني قدرتك العقلية ما ركزت غير بنقطة,3,Jordan
1112,وإنتو قاعدين عم تسألوا إذا بتجوز الرحمة عليه ؟؟؟,3,Syria
1113,أنا سمعت عن هالتقرير لكن ممكن تخبرني من وين أخذتة .,2,Jordan
1114,السلام عليكم وهي اسم ولد داني حرف الياء سلام,2,Qatar
1115,سؤالك بايخ مالو فكاهة ولامازية,3,Iraq
1116,أي والله حيرونا يوم له أضرار ويوم ماله ...,3,Libya
1117,وبعد هيك بتصير مشاريع كبيرة,0,Jordan
1118,بدي أجي لعندك أشرب مية زمزم وآكل تمر وآخد مسبحة ...,0,Syria
1119,والعين والله نورت الموقع بوجودك خيّوو أنا من جديد مشتركة,0,Saudi Arabia
1120,سلامات يا حلوين انا انضميت لالكن عن جديد,0,Lebanon
1121,أنا الاتصال عندي عن طريق جهاز كونيكت مومتذكرة شو اسم الشركة المصنعة اله ...,2,Jordan
1122,على كلن مامشكلة عنا مناطق أحلى من السوبر ماركت تبعك,3,Syria
1123,نامي فان لم تشبعي من صحوة فمن المنام,3,Algeria
1124,و ربي يقر عينك فيون,0,Tunisia
1125,رد عنيف احلقيلوااا نصيحة نصيحه مني خليه يغار عليك وفهمك كفايه عزيزتي الضحية يقول المثل إذا تعرضت لحادثة اغتصاب ولم تصتطيع ان تفلت فحاول ان تستمتع فارجو منك ان تحاولي التأقلم ريثما تصلين الى حل مناسب,3,Oman
1126,وطبعاً جنيت على نفسي من يوم أفتحه ..,3,Saudi Arabia
1127,والله بتجنن تسلميلي اهلين فيكي ميرا نورتينا,0,Syria
1128,وقلتلى ماراح تعيدها انا قدها ههه,0,Egypt
1129,الحكومة مالا علاقة ...,2,Tunisia
1130,بروحوا عالغربة ليتمدنوا بيتفدنوا ..,3,Syria
1131,يالله ... بكرا بيجي مدير جديد من الدقة القديمة وبيرجع بيمنع وخود بقى لغاية ما يفهم انه في شركة انترنت وليس في فرع مخابرات,3,Lebanon
1132,يختشي على هالغزة ما أزكاها,0,Iraq
1133,الله يرحمنا برحمته الي ما بيعرف قصة المثل يسال الي استحوا ماتوا,3,Sudan
1134,أهلا فيك زميل «DODOSeri» وشكرا عالقصيدة ...,0,Lebanon
1135,وطبعا اقعد عالنت وان مليت من الاتنين بحب اروح عالبحر صيفا شتاء,2,Syria
1136,بس مو انو ماعاد ترافقنا وتصير تخاف متل يلي سبقوك ...,3,Syria
1137,يسلم سوس على الصور طلعو و اخيرا عندي بس على قولة شباب دائم,0,Jordan
1138,بس شوف الوضع عالارض شلون,3,Syria
1139,أنا مو معك بهالتشاؤم من الحياة,0,Syria
1140,يعني الواحد يحكي ضميرو حلوين ..,0,Libya
1141,الله يرحم ايام زمان,3,Saudi Arabia
1142,ورودي فـاطـبعي العَفْوَ جميلاً بجبيني و اسمعـيني ..,0,Lebanon
1143,مش متحملينها عمتي,3,Palestine
1144,ولو لقيت شب حلو اكيد اكيد رح يتعاكس,2,Jordan
1145,يا سلام راح اعملك محاضرة بعد شوي ..,0,Jordan
1146,فياريت اي واحد بيعرف بلد يحكي,0,Egypt
1147,و موكل الستات مصاصين دماء في كتير زوجات عايشين و رضيانين,3,Syria
1148,و أنا أعجبت باسمه .. فدخلت له مسرعة ..,0,Sudan
1149,لأنو مرقت بالتجربة وفكرت فيها ولو بعد ما قطع عليها ٥ سنين،,0,Syria
1150,والصديق المخلص نعيم الاخ العسكووور سمير المرحب دائما مونذر,0,Iraq
1151,مهما كانت الاسباب الي خلته يمد ايدو علي,3,Oman
1152,اويها وعروستنا حلوة وما بدها غندرة,0,Syria
1153,يخرب بيتا هديك بكل برامج الفايروس ما كانت تطلع,3,Palestine
1154,وأنا كمان ما بفوت على الغرف الصوتية,3,Jordan
1155,حاجي حكي فاضي معقول عاصفة بهل القوة ما تشيل الرصيف,3,Lebanon
1156,واذا ما كان مبسوط يقول السبب,3,Saudi Arabia
1157,ماذا سوف يحصل شو بصير اذا كان شي سائق متخانق هو وزوجتو وشافو لشرطي غم بيصور شو ممكن يصيربعمو المصور غفو غمو الشرطي,3,Iraq
1158,يعني التنين ممكن يكونو بخلا و كذابين و ضعيفي الشخصية و الخ الخ,3,Iraq
1159,ساره شكرا شكرا والله خجلتوني ياجماعة شكرا الكم كتييي ييير,0,Jordan
1160,ممكن شخص بيشتغل على حالو ومحظوظ,0,Jordan
1161,والله بيستحق أنو الواحد يحملو ...,0,Palestine
1162,لك كل عااام وردتنا الغالية بألف ألف ألف خير وعئبال المية سنة يا رب وهدول الوردات بمناسبة عيد ميلادك بتمنى يعجبوكي الغضب,0,Lebanon
1163,واعتبر انها هدية مني لمكشات العزيز و اخوني الاعضاء والزوار !!!,0,Yemen
1164,الجنسية من دون ما توقع «إنت» بالخطأ .,2,Syria
1165,وحاسة حاله بالسجن,3,Syria
1166,بالذات مع الجاج واليخنه,2,Libya
1167,أنا أعشق كل ما يتعلق بالجينات ..,0,Oman
1168,عم تتخايل بكرا إنت إبنك عمرو ١١ ١٢ سنة فايت مدودخ عل بيت تسلّم علي عادي تشرب فنجان قهوة معو و تفوت تنام والله شكلو في أهل هيك,0,Lebanon
1169,المسؤولين متلهم متل غيرهم يعني لاعندهم شي زيادة ولا ناقصصص شي .,2,Syria
1170,طلعت انا داخل سوري !! قصدي انت اليوم عنّا ...,0,Saudi Arabia
1171,واااع كيف بدي اطلع طلعوووني ههه شي ما الي فيو ليش فتت من اصلو,3,Lebanon
1172,و يرؤجى من الجميع المحاولة,0,Egypt
1173,بس لوتعرف شو نفسي انو عيش بهديك الأيام »,0,Jordan
1174,والله يا اخى هدا الكلام مو صحيح,3,Palestine
1175,انا بحييكم وبشكركم من قلبي والدنيا لسه بخير لانه في شباب طموح وشباب رافض للذ ل والظلم,0,Egypt
1176,بيجمع كل العرب من الشرق للغرب,0,Jordan
1177,وبعتبر الكل صح .. حتى يثبت الغلط ..,0,Jordan
1178,وكل المنافسات هلق بين السوق الداخلي والخارجي راح يكون لمصلحة المواطن ..,0,Jordan
1179,ان ياكل عني وقية من كنافة الأقصى ابعدبن ابنتحاسب ...,0,Yemen
1180,و اللهي اذا بدو يتزوج للمرة التانيه و انا بيتوجب علي اختيار احد الحلين ،,3,Jordan
1181,بلاش تكون أناني وخلي عندك روح التضحية يا أبو غيث ههه,0,Jordan
1182,واصلا مالازم تمر السيارات بالشارع كلو,3,Syria
1183,ومدام عم تحكو عن الفلاح والحمار اسمعوا هلحزيرة شو الفرق بين الفلاح والفيزون ؟,3,Syria
1184,لكن وقت اللي اجيت عليها بعد فرقة سنة ونص ،,3,Saudi Arabia
1185,شكرا عالموضوع وصناعة الإعلانات في سوريا أثبتت أنها صناعة فاشلة وأفشل من صناعة العلكة كمان,3,Jordan
1186,ولعيونك أحلى ضرب متة عالبلكون شي بيشيل الغصة من القلب ..,0,Lebanon
1187,لانو إذا ما قاومناهم ووئفنا بوشن رح يستلمو الحكم ويحلئولنا ..,3,Lebanon
1188,يلا ما عنا وقت دغري اغطسي بالمنتدى وورجينا ابداعاتك ..,0,Lebanon
1189,بس العن سوسة الاركيلة ...,3,Syria
1190,انا قريبتي متزوجه من واحد كان فيو نفس صفات خطيبك,2,Palestine
1191,لانو هيي هلا بالسن القانوني وبيها اذا مش هامو سعادتها,3,Lebanon
1192,ولا انس عصايتو الطويلة,3,Libya
1193,اس اس السلامو عليكو الغالية جورية ..,0,Iraq
1194,معناها يا ريت ما تنتقد الشيخ اللي بيتزوج قاصر، لانوحر وعايش حيا,3,Syria
1195,والنكتة انو وحدة من البنات الموجه خالها وهيي كانت قائدة الحملة ...,3,Jordan
1196,مما اضطرني الى حرقهاتصوروا ان اللهب ارتفع اعلى من البناية والدخان غطى الحي,3,Oman
1197,ومأخوذين بتصرفات خارجية مبهرة ملهاش علاقة بالمعنى الحقيقي للنوايا الحقيقية,3,Egypt
1198,على هالطريق نفسو كنت مبارحة ومشيت ورا مرسيدس فيمه كامل,2,Syria
1199,وبيعملو شي مفيد لانو وزيادة علييهم الحيوانات ..,3,Lebanon
1200,تصميم ٢ أنا عجبني كتير وناوي احجزه للمدام المستقبلية ان شاء الله,0,Egypt
